workflow_name,workflow_family,canonical_operating_system,industry_name,industry_rank_2025_gross_output,systems_of_record_categories
Lease Acquisition and Renewal,"Access, Intake, and Contracting",Asset Utilization and Lease Management,Housing,1,Property Management System | CRM | Maintenance Management
"Billing, Collections, and Cash Application",Finance and Revenue Operations,Asset Utilization and Lease Management,Housing,1,Property Management System | CRM | Maintenance Management
Asset Maintenance and Work Orders,Production and Asset Operations,Asset Utilization and Lease Management,Housing,1,Property Management System | CRM | Maintenance Management
Turnover and Readiness Management,Production and Asset Operations,Asset Utilization and Lease Management,Housing,1,Property Management System | CRM | Maintenance Management
Capital Planning and Compliance Reporting,Governance and Portfolio Operations,Asset Utilization and Lease Management,Housing,1,Property Management System | CRM | Maintenance Management
Demand Planning,Planning and Allocation,Distribution and Trade Operations,Wholesale trade,2,ERP | Supply Chain Planning | Warehouse Management System | Order Management System
Procurement and Replenishment,Sourcing and Supply,Distribution and Trade Operations,Wholesale trade,2,ERP | Supply Chain Planning | Warehouse Management System | Order Management System
Pricing and Quoting,"Access, Intake, and Contracting",Distribution and Trade Operations,Wholesale trade,2,ERP | Supply Chain Planning | Warehouse Management System | Order Management System
Order Management and Fulfillment,Delivery and Service Execution,Distribution and Trade Operations,Wholesale trade,2,ERP | Supply Chain Planning | Warehouse Management System | Order Management System
Billing and Collections,Finance and Revenue Operations,Distribution and Trade Operations,Wholesale trade,2,ERP | Supply Chain Planning | Warehouse Management System | Order Management System
Estimating and Proposal Management,"Access, Intake, and Contracting",Project Delivery and Contracting,Construction,3,Project and Construction Management | Scheduling and Planning | ERP
Project Scheduling and Resource Planning,Planning and Allocation,Project Delivery and Contracting,Construction,3,Project and Construction Management | Scheduling and Planning | ERP
Supplier and Subcontractor Management,Sourcing and Supply,Project Delivery and Contracting,Construction,3,Project and Construction Management | Scheduling and Planning | ERP
Field Execution and Change Management,Delivery and Service Execution,Project Delivery and Contracting,Construction,3,Project and Construction Management | Scheduling and Planning | ERP
Progress Billing and Compliance Administration,Finance and Revenue Operations,Project Delivery and Contracting,Construction,3,Project and Construction Management | Scheduling and Planning | ERP
Lead and Proposal Management,"Access, Intake, and Contracting",Professional Services and Matter Management,"Miscellaneous professional, scientific, and technical services",4,CRM | HCM / Workforce Management | Professional Services Automation | ERP
Staffing and Capacity Planning,Workforce and Labor Operations,Professional Services and Matter Management,"Miscellaneous professional, scientific, and technical services",4,CRM | HCM / Workforce Management | Professional Services Automation | ERP
Project Delivery,Delivery and Service Execution,Professional Services and Matter Management,"Miscellaneous professional, scientific, and technical services",4,CRM | HCM / Workforce Management | Professional Services Automation | ERP
Time and Expense Capture,Finance and Revenue Operations,Professional Services and Matter Management,"Miscellaneous professional, scientific, and technical services",4,CRM | HCM / Workforce Management | Professional Services Automation | ERP
Billing and Collections,Finance and Revenue Operations,Professional Services and Matter Management,"Miscellaneous professional, scientific, and technical services",4,CRM | HCM / Workforce Management | Professional Services Automation | ERP
Lease Acquisition and Pipeline Management,"Access, Intake, and Contracting",Asset Utilization and Lease Management,Other real estate,5,Property Management System | Real Estate Asset Management | CRM | Fund Administration and Accounting
Asset and Investor Reporting,Governance and Portfolio Operations,Asset Utilization and Lease Management,Other real estate,5,Property Management System | Real Estate Asset Management | CRM | Fund Administration and Accounting
Asset Maintenance and Work Orders,Production and Asset Operations,Asset Utilization and Lease Management,Other real estate,5,Property Management System | Real Estate Asset Management | CRM | Fund Administration and Accounting
Billing and Reconciliation,Finance and Revenue Operations,Asset Utilization and Lease Management,Other real estate,5,Property Management System | Real Estate Asset Management | CRM | Fund Administration and Accounting
Capital Planning and Compliance Reporting,Governance and Portfolio Operations,Asset Utilization and Lease Management,Other real estate,5,Property Management System | Real Estate Asset Management | CRM | Fund Administration and Accounting
"Access, Intake, and Scheduling","Access, Intake, and Contracting",Care Delivery and Reimbursement,Ambulatory health care services,6,EHR and Care Management | Practice Management | Revenue Cycle Management
Eligibility and Authorization,"Access, Intake, and Contracting",Care Delivery and Reimbursement,Ambulatory health care services,6,EHR and Care Management | Practice Management | Revenue Cycle Management
Clinical Documentation,Clinical and Case Operations,Care Delivery and Reimbursement,Ambulatory health care services,6,EHR and Care Management | Practice Management | Revenue Cycle Management
Coding and Charge Capture,Finance and Revenue Operations,Care Delivery and Reimbursement,Ambulatory health care services,6,EHR and Care Management | Practice Management | Revenue Cycle Management
"Billing, Claims, and Collections",Finance and Revenue Operations,Care Delivery and Reimbursement,Ambulatory health care services,6,EHR and Care Management | Practice Management | Revenue Cycle Management
Merchandising and Assortment Planning,Planning and Allocation,Retail and Service Commerce,Other retail,7,Commerce Platform | ERP | Order Management System | Warehouse Management System
Inventory Allocation and Replenishment,Planning and Allocation,Retail and Service Commerce,Other retail,7,Commerce Platform | ERP | Order Management System | Warehouse Management System
Order Capture and Payment Processing,Customer and Experience Operations,Retail and Service Commerce,Other retail,7,Commerce Platform | ERP | Order Management System | Warehouse Management System
Fulfillment and Returns Management,Delivery and Service Execution,Retail and Service Commerce,Other retail,7,Commerce Platform | ERP | Order Management System | Warehouse Management System
Pricing and Promotion Management,Customer and Experience Operations,Retail and Service Commerce,Other retail,7,Commerce Platform | ERP | Order Management System | Warehouse Management System
Distribution and Quote-to-Bind,"Access, Intake, and Contracting",Risk Underwriting and Claims Administration,Insurance carriers and related activities,8,Policy Administration | Claims Management | Underwriting and Rating | CRM
Underwriting and Pricing,"Risk, Compliance, and Reporting",Risk Underwriting and Claims Administration,Insurance carriers and related activities,8,Policy Administration | Claims Management | Underwriting and Rating | CRM
Policy Administration,"Risk, Compliance, and Reporting",Risk Underwriting and Claims Administration,Insurance carriers and related activities,8,Policy Administration | Claims Management | Underwriting and Rating | CRM
Claims Administration,Finance and Revenue Operations,Risk Underwriting and Claims Administration,Insurance carriers and related activities,8,Policy Administration | Claims Management | Underwriting and Rating | CRM
Regulatory and Reinsurance Reporting,"Risk, Compliance, and Reporting",Risk Underwriting and Claims Administration,Insurance carriers and related activities,8,Policy Administration | Claims Management | Underwriting and Rating | CRM
Account and Loan Onboarding,"Access, Intake, and Contracting","Deposit, Credit, and Payment Intermediation","Federal Reserve banks, credit intermediation, and related activities",9,Core Banking | Loan Origination and Servicing | Payments | Risk and Compliance | CRM
Deposit and Payment Operations,Finance and Revenue Operations,"Deposit, Credit, and Payment Intermediation","Federal Reserve banks, credit intermediation, and related activities",9,Core Banking | Loan Origination and Servicing | Payments | Risk and Compliance | CRM
Credit Underwriting and Servicing,Finance and Revenue Operations,"Deposit, Credit, and Payment Intermediation","Federal Reserve banks, credit intermediation, and related activities",9,Core Banking | Loan Origination and Servicing | Payments | Risk and Compliance | CRM
Risk and Compliance Monitoring,"Risk, Compliance, and Reporting","Deposit, Credit, and Payment Intermediation","Federal Reserve banks, credit intermediation, and related activities",9,Core Banking | Loan Origination and Servicing | Payments | Risk and Compliance | CRM
Collections and Loss Mitigation,Finance and Revenue Operations,"Deposit, Credit, and Payment Intermediation","Federal Reserve banks, credit intermediation, and related activities",9,Core Banking | Loan Origination and Servicing | Payments | Risk and Compliance | CRM
Workforce Scheduling,Workforce and Labor Operations,Retail and Service Commerce,Food services and drinking places,10,POS and Payments | Restaurant Back Office and Inventory | HCM / Workforce Management
Procurement and Prep Management,Sourcing and Supply,Retail and Service Commerce,Food services and drinking places,10,POS and Payments | Restaurant Back Office and Inventory | HCM / Workforce Management
Point-of-Sale and Order Flow,Customer and Experience Operations,Retail and Service Commerce,Food services and drinking places,10,POS and Payments | Restaurant Back Office and Inventory | HCM / Workforce Management
Service Execution,Delivery and Service Execution,Retail and Service Commerce,Food services and drinking places,10,POS and Payments | Restaurant Back Office and Inventory | HCM / Workforce Management
Cash and Inventory Reconciliation,Finance and Revenue Operations,Retail and Service Commerce,Food services and drinking places,10,POS and Payments | Restaurant Back Office and Inventory | HCM / Workforce Management
Client Intake and Scope Definition,"Access, Intake, and Contracting",Workforce Coordination and Service Operations,Administrative and support services,11,HCM / Workforce Management | CRM | Service Management | ERP
Recruiting and Work Assignment,Workforce and Labor Operations,Workforce Coordination and Service Operations,Administrative and support services,11,HCM / Workforce Management | CRM | Service Management | ERP
Workforce Scheduling,Workforce and Labor Operations,Workforce Coordination and Service Operations,Administrative and support services,11,HCM / Workforce Management | CRM | Service Management | ERP
Service-Level Monitoring,Governance and Portfolio Operations,Workforce Coordination and Service Operations,Administrative and support services,11,HCM / Workforce Management | CRM | Service Management | ERP
"Payroll, Billing, and Reconciliation",Finance and Revenue Operations,Workforce Coordination and Service Operations,Administrative and support services,11,HCM / Workforce Management | CRM | Service Management | ERP
"Access, Admissions, and Throughput Management","Access, Intake, and Contracting",Care Delivery and Reimbursement,Hospitals,12,EHR and Care Management | Revenue Cycle Management | HCM / Workforce Management | ERP
Clinical Documentation,Clinical and Case Operations,Care Delivery and Reimbursement,Hospitals,12,EHR and Care Management | Revenue Cycle Management | HCM / Workforce Management | ERP
Care Coordination and Order Management,Clinical and Case Operations,Care Delivery and Reimbursement,Hospitals,12,EHR and Care Management | Revenue Cycle Management | HCM / Workforce Management | ERP
"Billing, Claims, and Collections",Finance and Revenue Operations,Care Delivery and Reimbursement,Hospitals,12,EHR and Care Management | Revenue Cycle Management | HCM / Workforce Management | ERP
Payer Contract Management,Finance and Revenue Operations,Care Delivery and Reimbursement,Hospitals,12,EHR and Care Management | Revenue Cycle Management | HCM / Workforce Management | ERP
Demand Planning,Planning and Allocation,Process Manufacturing and Throughput Control,Food and beverage and tobacco products,13,ERP | Supply Chain Planning | Manufacturing Execution System | Industrial Automation and SCADA
Material Sourcing,Sourcing and Supply,Process Manufacturing and Throughput Control,Food and beverage and tobacco products,13,ERP | Supply Chain Planning | Manufacturing Execution System | Industrial Automation and SCADA
Production Planning and Process Control,Production and Asset Operations,Process Manufacturing and Throughput Control,Food and beverage and tobacco products,13,ERP | Supply Chain Planning | Manufacturing Execution System | Industrial Automation and SCADA
Regulatory Labeling and Compliance,"Risk, Compliance, and Reporting",Process Manufacturing and Throughput Control,Food and beverage and tobacco products,13,ERP | Supply Chain Planning | Manufacturing Execution System | Industrial Automation and SCADA
Distribution and Trade Promotion,Customer and Experience Operations,Process Manufacturing and Throughput Control,Food and beverage and tobacco products,13,ERP | Supply Chain Planning | Manufacturing Execution System | Industrial Automation and SCADA
Lead Intake and Scheduling,"Access, Intake, and Contracting",Workforce Coordination and Service Operations,"Other services, except government",14,CRM | POS and Payments | HCM / Workforce Management | Service Management
Workforce Scheduling and Dispatch,Workforce and Labor Operations,Workforce Coordination and Service Operations,"Other services, except government",14,CRM | POS and Payments | HCM / Workforce Management | Service Management
Field Service Execution,Delivery and Service Execution,Workforce Coordination and Service Operations,"Other services, except government",14,CRM | POS and Payments | HCM / Workforce Management | Service Management
Billing and Payment Processing,Finance and Revenue Operations,Workforce Coordination and Service Operations,"Other services, except government",14,CRM | POS and Payments | HCM / Workforce Management | Service Management
Customer Retention and Repeat Service,Customer and Experience Operations,Workforce Coordination and Service Operations,"Other services, except government",14,CRM | POS and Payments | HCM / Workforce Management | Service Management
Client Onboarding and KYC,"Access, Intake, and Contracting",Capital Markets and Investment Management,"Securities, commodity contracts, and investments",15,Portfolio and Order Management | Trading and Market Data | CRM | Investor Reporting and Performance
Portfolio and Order Management,Governance and Portfolio Operations,Capital Markets and Investment Management,"Securities, commodity contracts, and investments",15,Portfolio and Order Management | Trading and Market Data | CRM | Investor Reporting and Performance
Trade Execution and Settlement,Finance and Revenue Operations,Capital Markets and Investment Management,"Securities, commodity contracts, and investments",15,Portfolio and Order Management | Trading and Market Data | CRM | Investor Reporting and Performance
Risk and Compliance Surveillance,"Risk, Compliance, and Reporting",Capital Markets and Investment Management,"Securities, commodity contracts, and investments",15,Portfolio and Order Management | Trading and Market Data | CRM | Investor Reporting and Performance
Investor Reporting and Performance,Governance and Portfolio Operations,Capital Markets and Investment Management,"Securities, commodity contracts, and investments",15,Portfolio and Order Management | Trading and Market Data | CRM | Investor Reporting and Performance
Material Sourcing,Sourcing and Supply,Process Manufacturing and Throughput Control,Chemical products,16,ERP | Industrial Automation and SCADA | Manufacturing Execution System | Maintenance Management
Production Planning and Process Control,Production and Asset Operations,Process Manufacturing and Throughput Control,Chemical products,16,ERP | Industrial Automation and SCADA | Manufacturing Execution System | Maintenance Management
"Quality, Safety, and Environmental Management","Risk, Compliance, and Reporting",Process Manufacturing and Throughput Control,Chemical products,16,ERP | Industrial Automation and SCADA | Manufacturing Execution System | Maintenance Management
Order Management and Fulfillment,Delivery and Service Execution,Process Manufacturing and Throughput Control,Chemical products,16,ERP | Industrial Automation and SCADA | Manufacturing Execution System | Maintenance Management
Contract and Margin Management,Finance and Revenue Operations,Process Manufacturing and Throughput Control,Chemical products,16,ERP | Industrial Automation and SCADA | Manufacturing Execution System | Maintenance Management
Infrastructure Capacity Planning,Planning and Allocation,Digital Platform and Subscription Operations,"Data processing, internet publishing, and other information services",17,Cloud Infrastructure and IT Operations | CRM | Service Management | Billing and Subscription Management
Product and Content Release Management,"Product, Content, and Engineering",Digital Platform and Subscription Operations,"Data processing, internet publishing, and other information services",17,Cloud Infrastructure and IT Operations | CRM | Service Management | Billing and Subscription Management
Customer Acquisition and Onboarding,"Access, Intake, and Contracting",Digital Platform and Subscription Operations,"Data processing, internet publishing, and other information services",17,Cloud Infrastructure and IT Operations | CRM | Service Management | Billing and Subscription Management
Usage Billing and Monetization,Finance and Revenue Operations,Digital Platform and Subscription Operations,"Data processing, internet publishing, and other information services",17,Cloud Infrastructure and IT Operations | CRM | Service Management | Billing and Subscription Management
Reliability and Security Operations,"Risk, Compliance, and Reporting",Digital Platform and Subscription Operations,"Data processing, internet publishing, and other information services",17,Cloud Infrastructure and IT Operations | CRM | Service Management | Billing and Subscription Management
Network Planning and Capital Management,Planning and Allocation,Network Infrastructure Operations,Broadcasting and telecommunications,18,Network OSS/BSS | Billing and Subscription Management | CRM
Service Provisioning and Activation,Network and Transportation Operations,Network Infrastructure Operations,Broadcasting and telecommunications,18,Network OSS/BSS | Billing and Subscription Management | CRM
Content and Service Operations,Delivery and Service Execution,Network Infrastructure Operations,Broadcasting and telecommunications,18,Network OSS/BSS | Billing and Subscription Management | CRM
Billing and Collections,Finance and Revenue Operations,Network Infrastructure Operations,Broadcasting and telecommunications,18,Network OSS/BSS | Billing and Subscription Management | CRM
Outage and Regulatory Management,"Risk, Compliance, and Reporting",Network Infrastructure Operations,Broadcasting and telecommunications,18,Network OSS/BSS | Billing and Subscription Management | CRM
Capital Allocation and Planning,Governance and Portfolio Operations,Enterprise Governance and Shared Services,Management of companies and enterprises,19,EPM and Financial Consolidation | ERP | HCM / Workforce Management | Service Management
Financial Consolidation,Governance and Portfolio Operations,Enterprise Governance and Shared Services,Management of companies and enterprises,19,EPM and Financial Consolidation | ERP | HCM / Workforce Management | Service Management
Governance and Risk Review,Governance and Portfolio Operations,Enterprise Governance and Shared Services,Management of companies and enterprises,19,EPM and Financial Consolidation | ERP | HCM / Workforce Management | Service Management
Shared Service Operations,Governance and Portfolio Operations,Enterprise Governance and Shared Services,Management of companies and enterprises,19,EPM and Financial Consolidation | ERP | HCM / Workforce Management | Service Management
Performance Management,Governance and Portfolio Operations,Enterprise Governance and Shared Services,Management of companies and enterprises,19,EPM and Financial Consolidation | ERP | HCM / Workforce Management | Service Management
Lead and Proposal Management,"Access, Intake, and Contracting",Professional Services and Matter Management,Computer systems design and related services,20,CRM | HCM / Workforce Management | Professional Services Automation | Service Management
Staffing and Capacity Planning,Workforce and Labor Operations,Professional Services and Matter Management,Computer systems design and related services,20,CRM | HCM / Workforce Management | Professional Services Automation | Service Management
Project Delivery,Delivery and Service Execution,Professional Services and Matter Management,Computer systems design and related services,20,CRM | HCM / Workforce Management | Professional Services Automation | Service Management
Time and Expense Capture,Finance and Revenue Operations,Professional Services and Matter Management,Computer systems design and related services,20,CRM | HCM / Workforce Management | Professional Services Automation | Service Management
Renewal and Account Expansion,Customer and Experience Operations,Professional Services and Matter Management,Computer systems design and related services,20,CRM | HCM / Workforce Management | Professional Services Automation | Service Management
Program and Platform Planning,Planning and Allocation,Product Manufacturing and Lifecycle Operations,"Motor vehicles, bodies and trailers, and parts",21,ERP | PLM and Engineering Design | Manufacturing Execution System | Supply Chain Planning
Supplier Scheduling and Procurement,Sourcing and Supply,Product Manufacturing and Lifecycle Operations,"Motor vehicles, bodies and trailers, and parts",21,ERP | PLM and Engineering Design | Manufacturing Execution System | Supply Chain Planning
Shop Floor Execution and Quality Management,Production and Asset Operations,Product Manufacturing and Lifecycle Operations,"Motor vehicles, bodies and trailers, and parts",21,ERP | PLM and Engineering Design | Manufacturing Execution System | Supply Chain Planning
Logistics and Channel Fulfillment,Delivery and Service Execution,Product Manufacturing and Lifecycle Operations,"Motor vehicles, bodies and trailers, and parts",21,ERP | PLM and Engineering Design | Manufacturing Execution System | Supply Chain Planning
Aftermarket Service and Field Support,Customer and Experience Operations,Product Manufacturing and Lifecycle Operations,"Motor vehicles, bodies and trailers, and parts",21,ERP | PLM and Engineering Design | Manufacturing Execution System | Supply Chain Planning
Product and Content Development,"Product, Content, and Engineering","IP, Subscription, and Rights Management","Publishing industries, except internet (includes software)",22,CRM | Billing and Subscription Management | ERP | Service Management
Subscription and License Management,Finance and Revenue Operations,"IP, Subscription, and Rights Management","Publishing industries, except internet (includes software)",22,CRM | Billing and Subscription Management | ERP | Service Management
Distribution and Release Management,"Product, Content, and Engineering","IP, Subscription, and Rights Management","Publishing industries, except internet (includes software)",22,CRM | Billing and Subscription Management | ERP | Service Management
Customer Support and Success,Customer and Experience Operations,"IP, Subscription, and Rights Management","Publishing industries, except internet (includes software)",22,CRM | Billing and Subscription Management | ERP | Service Management
Billing and Renewals,Finance and Revenue Operations,"IP, Subscription, and Rights Management","Publishing industries, except internet (includes software)",22,CRM | Billing and Subscription Management | ERP | Service Management
Asset Acquisition and Setup,Planning and Allocation,Asset Utilization and Lease Management,Rental and leasing services and lessors of intangible assets,23,Rental Operations Management | Maintenance Management | ERP
Reservation and Contract Management,"Access, Intake, and Contracting",Asset Utilization and Lease Management,Rental and leasing services and lessors of intangible assets,23,Rental Operations Management | Maintenance Management | ERP
Dispatch and Checkout,Delivery and Service Execution,Asset Utilization and Lease Management,Rental and leasing services and lessors of intangible assets,23,Rental Operations Management | Maintenance Management | ERP
Asset Maintenance and Turnover,Production and Asset Operations,Asset Utilization and Lease Management,Rental and leasing services and lessors of intangible assets,23,Rental Operations Management | Maintenance Management | ERP
Billing and Asset Recovery,Finance and Revenue Operations,Asset Utilization and Lease Management,Rental and leasing services and lessors of intangible assets,23,Rental Operations Management | Maintenance Management | ERP
Load Forecasting and Dispatch,Network and Transportation Operations,Network Infrastructure Operations,Utilities,24,Utility Operations and Billing | Maintenance Management | Industrial Automation and SCADA | ERP
Asset Maintenance and Outage Management,Production and Asset Operations,Network Infrastructure Operations,Utilities,24,Utility Operations and Billing | Maintenance Management | Industrial Automation and SCADA | ERP
Meter-to-Cash,Finance and Revenue Operations,Network Infrastructure Operations,Utilities,24,Utility Operations and Billing | Maintenance Management | Industrial Automation and SCADA | ERP
Capital Planning and Compliance Reporting,Governance and Portfolio Operations,Network Infrastructure Operations,Utilities,24,Utility Operations and Billing | Maintenance Management | Industrial Automation and SCADA | ERP
Customer Service and Field Response,Customer and Experience Operations,Network Infrastructure Operations,Utilities,24,Utility Operations and Billing | Maintenance Management | Industrial Automation and SCADA | ERP
Material Sourcing,Sourcing and Supply,Process Manufacturing and Throughput Control,Petroleum and coal products,25,ERP | Industrial Automation and SCADA | Maintenance Management | Supply Chain Planning
Production Planning and Process Control,Production and Asset Operations,Process Manufacturing and Throughput Control,Petroleum and coal products,25,ERP | Industrial Automation and SCADA | Maintenance Management | Supply Chain Planning
Maintenance and Turnaround Management,Production and Asset Operations,Process Manufacturing and Throughput Control,Petroleum and coal products,25,ERP | Industrial Automation and SCADA | Maintenance Management | Supply Chain Planning
"Blending, Logistics, and Distribution",Delivery and Service Execution,Process Manufacturing and Throughput Control,Petroleum and coal products,25,ERP | Industrial Automation and SCADA | Maintenance Management | Supply Chain Planning
"Margin, Safety, and Emissions Reporting","Risk, Compliance, and Reporting",Process Manufacturing and Throughput Control,Petroleum and coal products,25,ERP | Industrial Automation and SCADA | Maintenance Management | Supply Chain Planning
Production Planning,Planning and Allocation,Field Production and Resource Extraction,Farms,26,Farm Management Platform | Precision Agriculture and Telematics
Input Sourcing and Procurement,Sourcing and Supply,Field Production and Resource Extraction,Farms,26,Farm Management Platform | Precision Agriculture and Telematics
Field Operations,Production and Asset Operations,Field Production and Resource Extraction,Farms,26,Farm Management Platform | Precision Agriculture and Telematics
Harvest and Logistics Management,Delivery and Service Execution,Field Production and Resource Extraction,Farms,26,Farm Management Platform | Precision Agriculture and Telematics
"Marketing, Hedging, and Program Reporting",Finance and Revenue Operations,Field Production and Resource Extraction,Farms,26,Farm Management Platform | Precision Agriculture and Telematics
Inventory Sourcing and Aging Management,Planning and Allocation,Retail and Service Commerce,Motor vehicle and parts dealers,27,Dealership Management System | CRM | Loan Origination and Servicing | Maintenance Management
Lead Management and Sales,"Access, Intake, and Contracting",Retail and Service Commerce,Motor vehicle and parts dealers,27,Dealership Management System | CRM | Loan Origination and Servicing | Maintenance Management
Financing and Underwriting,Finance and Revenue Operations,Retail and Service Commerce,Motor vehicle and parts dealers,27,Dealership Management System | CRM | Loan Origination and Servicing | Maintenance Management
Service Scheduling and Parts Management,Customer and Experience Operations,Retail and Service Commerce,Motor vehicle and parts dealers,27,Dealership Management System | CRM | Loan Origination and Servicing | Maintenance Management
Customer Retention and Remarketing,Customer and Experience Operations,Retail and Service Commerce,Motor vehicle and parts dealers,27,Dealership Management System | CRM | Loan Origination and Servicing | Maintenance Management
Capacity and Load Planning,Network and Transportation Operations,Transportation Network Operations,Truck transportation,28,Transportation Management System | Fleet Telematics and Visibility | ERP
Dispatch and Routing,Network and Transportation Operations,Transportation Network Operations,Truck transportation,28,Transportation Management System | Fleet Telematics and Visibility | ERP
Driver Safety and Compliance,"Risk, Compliance, and Reporting",Transportation Network Operations,Truck transportation,28,Transportation Management System | Fleet Telematics and Visibility | ERP
In-Transit Visibility and Proof of Delivery,Network and Transportation Operations,Transportation Network Operations,Truck transportation,28,Transportation Management System | Fleet Telematics and Visibility | ERP
Freight Audit and Billing,Finance and Revenue Operations,Transportation Network Operations,Truck transportation,28,Transportation Management System | Fleet Telematics and Visibility | ERP
Matter Intake and Conflict Review,"Access, Intake, and Contracting",Professional Services and Matter Management,Legal services,29,Document Management | Practice Management and Billing | CRM
Staffing and Task Management,Workforce and Labor Operations,Professional Services and Matter Management,Legal services,29,Document Management | Practice Management and Billing | CRM
Document and Knowledge Management,"Product, Content, and Engineering",Professional Services and Matter Management,Legal services,29,Document Management | Practice Management and Billing | CRM
Time and Expense Capture,Finance and Revenue Operations,Professional Services and Matter Management,Legal services,29,Document Management | Practice Management and Billing | CRM
Docketing and Compliance Tracking,"Risk, Compliance, and Reporting",Professional Services and Matter Management,Legal services,29,Document Management | Practice Management and Billing | CRM
Admissions and Enrollment,"Access, Intake, and Contracting",Education Delivery and Administration,Educational services,30,Student Information System | Learning Management System | HCM / Workforce Management | ERP
Scheduling and Staffing,Workforce and Labor Operations,Education Delivery and Administration,Educational services,30,Student Information System | Learning Management System | HCM / Workforce Management | ERP
Instruction Delivery,Delivery and Service Execution,Education Delivery and Administration,Educational services,30,Student Information System | Learning Management System | HCM / Workforce Management | ERP
Student Service and Retention Management,Customer and Experience Operations,Education Delivery and Administration,Educational services,30,Student Information System | Learning Management System | HCM / Workforce Management | ERP
"Billing, Aid, and Regulatory Reporting",Finance and Revenue Operations,Education Delivery and Administration,Educational services,30,Student Information System | Learning Management System | HCM / Workforce Management | ERP
Estimating and Quotation,"Access, Intake, and Contracting",Product Manufacturing and Lifecycle Operations,Fabricated metal products,31,ERP | Manufacturing Execution System | Shop Floor Control and Quality
Production Planning,Planning and Allocation,Product Manufacturing and Lifecycle Operations,Fabricated metal products,31,ERP | Manufacturing Execution System | Shop Floor Control and Quality
Shop Floor Execution and Quality Management,Production and Asset Operations,Product Manufacturing and Lifecycle Operations,Fabricated metal products,31,ERP | Manufacturing Execution System | Shop Floor Control and Quality
Quality Inspection and Certification,"Risk, Compliance, and Reporting",Product Manufacturing and Lifecycle Operations,Fabricated metal products,31,ERP | Manufacturing Execution System | Shop Floor Control and Quality
Shipping and Invoice Reconciliation,Finance and Revenue Operations,Product Manufacturing and Lifecycle Operations,Fabricated metal products,31,ERP | Manufacturing Execution System | Shop Floor Control and Quality
Asset and Reserve Evaluation,Planning and Allocation,Field Production and Resource Extraction,Oil and gas extraction,32,Upstream Energy Management | Production Accounting and Regulatory | Geoscience and Reservoir Management | ERP
Field Development Planning,Planning and Allocation,Field Production and Resource Extraction,Oil and gas extraction,32,Upstream Energy Management | Production Accounting and Regulatory | Geoscience and Reservoir Management | ERP
Production Operations,Production and Asset Operations,Field Production and Resource Extraction,Oil and gas extraction,32,Upstream Energy Management | Production Accounting and Regulatory | Geoscience and Reservoir Management | ERP
Midstream Coordination,Network and Transportation Operations,Field Production and Resource Extraction,Oil and gas extraction,32,Upstream Energy Management | Production Accounting and Regulatory | Geoscience and Reservoir Management | ERP
Revenue and Regulatory Reporting,Finance and Revenue Operations,Field Production and Resource Extraction,Oil and gas extraction,32,Upstream Energy Management | Production Accounting and Regulatory | Geoscience and Reservoir Management | ERP
Product and Engineering Configuration,"Product, Content, and Engineering",Product Manufacturing and Lifecycle Operations,Machinery,33,ERP | PLM and Engineering Design | Manufacturing Execution System | Maintenance Management
Supplier Scheduling and Procurement,Sourcing and Supply,Product Manufacturing and Lifecycle Operations,Machinery,33,ERP | PLM and Engineering Design | Manufacturing Execution System | Maintenance Management
Assembly and Test,Production and Asset Operations,Product Manufacturing and Lifecycle Operations,Machinery,33,ERP | PLM and Engineering Design | Manufacturing Execution System | Maintenance Management
Logistics and Channel Fulfillment,Delivery and Service Execution,Product Manufacturing and Lifecycle Operations,Machinery,33,ERP | PLM and Engineering Design | Manufacturing Execution System | Maintenance Management
Aftermarket Service and Field Support,Customer and Experience Operations,Product Manufacturing and Lifecycle Operations,Machinery,33,ERP | PLM and Engineering Design | Manufacturing Execution System | Maintenance Management
Program and Platform Planning,Planning and Allocation,Product Manufacturing and Lifecycle Operations,Other transportation equipment,34,ERP | PLM and Engineering Design | Project and Construction Management
Supplier Coordination and Compliance,Sourcing and Supply,Product Manufacturing and Lifecycle Operations,Other transportation equipment,34,ERP | PLM and Engineering Design | Project and Construction Management
"Assembly, Test, and Certification",Production and Asset Operations,Product Manufacturing and Lifecycle Operations,Other transportation equipment,34,ERP | PLM and Engineering Design | Project and Construction Management
Delivery and Contract Milestone Management,Delivery and Service Execution,Product Manufacturing and Lifecycle Operations,Other transportation equipment,34,ERP | PLM and Engineering Design | Project and Construction Management
Aftermarket Service and Field Support,Customer and Experience Operations,Product Manufacturing and Lifecycle Operations,Other transportation equipment,34,ERP | PLM and Engineering Design | Project and Construction Management
Demand and Allocation Planning,Planning and Allocation,Product Manufacturing and Lifecycle Operations,Computer and electronic products,35,ERP | PLM and Engineering Design | Manufacturing Execution System | Supply Chain Planning
Engineering Change Management,"Product, Content, and Engineering",Product Manufacturing and Lifecycle Operations,Computer and electronic products,35,ERP | PLM and Engineering Design | Manufacturing Execution System | Supply Chain Planning
Shop Floor Execution and Quality Management,Production and Asset Operations,Product Manufacturing and Lifecycle Operations,Computer and electronic products,35,ERP | PLM and Engineering Design | Manufacturing Execution System | Supply Chain Planning
Quality and Traceability Management,"Risk, Compliance, and Reporting",Product Manufacturing and Lifecycle Operations,Computer and electronic products,35,ERP | PLM and Engineering Design | Manufacturing Execution System | Supply Chain Planning
Logistics and Channel Fulfillment,Delivery and Service Execution,Product Manufacturing and Lifecycle Operations,Computer and electronic products,35,ERP | PLM and Engineering Design | Manufacturing Execution System | Supply Chain Planning
Reservation and Distribution Management,"Access, Intake, and Contracting","Venue, Hospitality, and Attendance Operations",Accommodation,36,Property Management System | Reservation and Distribution System | Revenue Management Platform | ERP
Revenue Management,Planning and Allocation,"Venue, Hospitality, and Attendance Operations",Accommodation,36,Property Management System | Reservation and Distribution System | Revenue Management Platform | ERP
Front Desk and Housekeeping Operations,Delivery and Service Execution,"Venue, Hospitality, and Attendance Operations",Accommodation,36,Property Management System | Reservation and Distribution System | Revenue Management Platform | ERP
Maintenance and Guest Service,Customer and Experience Operations,"Venue, Hospitality, and Attendance Operations",Accommodation,36,Property Management System | Reservation and Distribution System | Revenue Management Platform | ERP
Night Audit and Owner Reporting,Finance and Revenue Operations,"Venue, Hospitality, and Attendance Operations",Accommodation,36,Property Management System | Reservation and Distribution System | Revenue Management Platform | ERP
"Access, Admissions, and Throughput Management","Access, Intake, and Contracting",Care Delivery and Reimbursement,Nursing and residential care facilities,37,EHR and Care Management | Revenue Cycle Management | HCM / Workforce Management
Workforce Scheduling,Workforce and Labor Operations,Care Delivery and Reimbursement,Nursing and residential care facilities,37,EHR and Care Management | Revenue Cycle Management | HCM / Workforce Management
Clinical Documentation,Clinical and Case Operations,Care Delivery and Reimbursement,Nursing and residential care facilities,37,EHR and Care Management | Revenue Cycle Management | HCM / Workforce Management
Medication and Compliance Management,Clinical and Case Operations,Care Delivery and Reimbursement,Nursing and residential care facilities,37,EHR and Care Management | Revenue Cycle Management | HCM / Workforce Management
"Billing, Claims, and Collections",Finance and Revenue Operations,Care Delivery and Reimbursement,Nursing and residential care facilities,37,EHR and Care Management | Revenue Cycle Management | HCM / Workforce Management
Intake and Eligibility Determination,"Access, Intake, and Contracting",Case Management and Program Administration,Social assistance,38,Case Management System | CRM | Grant and Program Reporting | Referral Management
Case Planning,Clinical and Case Operations,Case Management and Program Administration,Social assistance,38,Case Management System | CRM | Grant and Program Reporting | Referral Management
Service Delivery and Referral Coordination,Clinical and Case Operations,Case Management and Program Administration,Social assistance,38,Case Management System | CRM | Grant and Program Reporting | Referral Management
Documentation and Compliance Management,"Risk, Compliance, and Reporting",Case Management and Program Administration,Social assistance,38,Case Management System | CRM | Grant and Program Reporting | Referral Management
"Billing, Grant Reporting, and Reimbursement",Finance and Revenue Operations,Case Management and Program Administration,Social assistance,38,Case Management System | CRM | Grant and Program Reporting | Referral Management
Load Intake and Booking,"Access, Intake, and Contracting",Transportation Network Operations,Other transportation and support activities,39,Transportation Management System | Fleet Telematics and Visibility | ERP
Carrier Coordination and Brokerage,Network and Transportation Operations,Transportation Network Operations,Other transportation and support activities,39,Transportation Management System | Fleet Telematics and Visibility | ERP
Terminal and Yard Operations,Network and Transportation Operations,Transportation Network Operations,Other transportation and support activities,39,Transportation Management System | Fleet Telematics and Visibility | ERP
Exception Management,Network and Transportation Operations,Transportation Network Operations,Other transportation and support activities,39,Transportation Management System | Fleet Telematics and Visibility | ERP
Freight Audit and Settlement,Finance and Revenue Operations,Transportation Network Operations,Other transportation and support activities,39,Transportation Management System | Fleet Telematics and Visibility | ERP
Merchandising and Assortment Planning,Planning and Allocation,Retail and Service Commerce,Food and beverage stores,40,POS and Payments | ERP | Supply Chain Planning | Warehouse Management System
Inventory and Perishables Management,Production and Asset Operations,Retail and Service Commerce,Food and beverage stores,40,POS and Payments | ERP | Supply Chain Planning | Warehouse Management System
Point-of-Sale and Loyalty Operations,Customer and Experience Operations,Retail and Service Commerce,Food and beverage stores,40,POS and Payments | ERP | Supply Chain Planning | Warehouse Management System
Workforce Scheduling,Workforce and Labor Operations,Retail and Service Commerce,Food and beverage stores,40,POS and Payments | ERP | Supply Chain Planning | Warehouse Management System
Margin and Shrink Management,Finance and Revenue Operations,Retail and Service Commerce,Food and beverage stores,40,POS and Payments | ERP | Supply Chain Planning | Warehouse Management System
Programming and Event Planning,Planning and Allocation,"Venue, Hospitality, and Attendance Operations","Performing arts, spectator sports, museums, and related activities",41,Ticketing and Venue Management | CRM | Event and Donor Management
Ticketing and Pricing,"Access, Intake, and Contracting","Venue, Hospitality, and Attendance Operations","Performing arts, spectator sports, museums, and related activities",41,Ticketing and Venue Management | CRM | Event and Donor Management
Venue and Staff Operations,Delivery and Service Execution,"Venue, Hospitality, and Attendance Operations","Performing arts, spectator sports, museums, and related activities",41,Ticketing and Venue Management | CRM | Event and Donor Management
Sponsorship and Donor Management,"Access, Intake, and Contracting","Venue, Hospitality, and Attendance Operations","Performing arts, spectator sports, museums, and related activities",41,Ticketing and Venue Management | CRM | Event and Donor Management
Event Settlement and Reporting,Finance and Revenue Operations,"Venue, Hospitality, and Attendance Operations","Performing arts, spectator sports, museums, and related activities",41,Ticketing and Venue Management | CRM | Event and Donor Management
Network and Schedule Planning,Network and Transportation Operations,Transportation Network Operations,Air transportation,42,Airline Operations and Reservations | Revenue Management Platform | ERP
Crew and Fleet Assignment,Network and Transportation Operations,Transportation Network Operations,Air transportation,42,Airline Operations and Reservations | Revenue Management Platform | ERP
Revenue Management,Planning and Allocation,Transportation Network Operations,Air transportation,42,Airline Operations and Reservations | Revenue Management Platform | ERP
Operational Recovery and Disruption Management,Network and Transportation Operations,Transportation Network Operations,Air transportation,42,Airline Operations and Reservations | Revenue Management Platform | ERP
Loyalty and Settlement Accounting,Finance and Revenue Operations,Transportation Network Operations,Air transportation,42,Airline Operations and Reservations | Revenue Management Platform | ERP
Merchandising and Assortment Planning,Planning and Allocation,Retail and Service Commerce,General merchandise stores,43,Commerce Platform | ERP | Order Management System | Warehouse Management System | Supply Chain Planning
Inventory Allocation and Replenishment,Planning and Allocation,Retail and Service Commerce,General merchandise stores,43,Commerce Platform | ERP | Order Management System | Warehouse Management System | Supply Chain Planning
Order Orchestration and Fulfillment,Delivery and Service Execution,Retail and Service Commerce,General merchandise stores,43,Commerce Platform | ERP | Order Management System | Warehouse Management System | Supply Chain Planning
Store Labor Execution,Workforce and Labor Operations,Retail and Service Commerce,General merchandise stores,43,Commerce Platform | ERP | Order Management System | Warehouse Management System | Supply Chain Planning
Returns and Markdown Management,Customer and Experience Operations,Retail and Service Commerce,General merchandise stores,43,Commerce Platform | ERP | Order Management System | Warehouse Management System | Supply Chain Planning
Material Sourcing,Sourcing and Supply,Process Manufacturing and Throughput Control,Primary metals,44,ERP | Industrial Automation and SCADA | Maintenance Management | Shop Floor Control and Quality
Production Planning and Process Control,Production and Asset Operations,Process Manufacturing and Throughput Control,Primary metals,44,ERP | Industrial Automation and SCADA | Maintenance Management | Shop Floor Control and Quality
Asset Maintenance and Uptime Management,Production and Asset Operations,Process Manufacturing and Throughput Control,Primary metals,44,ERP | Industrial Automation and SCADA | Maintenance Management | Shop Floor Control and Quality
Quality Inspection and Certification,"Risk, Compliance, and Reporting",Process Manufacturing and Throughput Control,Primary metals,44,ERP | Industrial Automation and SCADA | Maintenance Management | Shop Floor Control and Quality
Order Management and Fulfillment,Delivery and Service Execution,Process Manufacturing and Throughput Control,Primary metals,44,ERP | Industrial Automation and SCADA | Maintenance Management | Shop Floor Control and Quality
Material Sourcing,Sourcing and Supply,Product Manufacturing and Lifecycle Operations,Plastics and rubber products,45,ERP | Manufacturing Execution System | PLM and Engineering Design | Shop Floor Control and Quality
Production Planning,Planning and Allocation,Product Manufacturing and Lifecycle Operations,Plastics and rubber products,45,ERP | Manufacturing Execution System | PLM and Engineering Design | Shop Floor Control and Quality
Tooling and Machine Execution,Production and Asset Operations,Product Manufacturing and Lifecycle Operations,Plastics and rubber products,45,ERP | Manufacturing Execution System | PLM and Engineering Design | Shop Floor Control and Quality
Quality and Compliance Management,"Risk, Compliance, and Reporting",Product Manufacturing and Lifecycle Operations,Plastics and rubber products,45,ERP | Manufacturing Execution System | PLM and Engineering Design | Shop Floor Control and Quality
Logistics and Channel Fulfillment,Delivery and Service Execution,Product Manufacturing and Lifecycle Operations,Plastics and rubber products,45,ERP | Manufacturing Execution System | PLM and Engineering Design | Shop Floor Control and Quality
Fund Onboarding and Setup,"Access, Intake, and Contracting",Capital Markets and Investment Management,"Funds, trusts, and other financial vehicles",46,Fund Administration and Accounting | Portfolio and Order Management | Reconciliation and Reporting | Investor Reporting and Performance
Fund Accounting,Governance and Portfolio Operations,Capital Markets and Investment Management,"Funds, trusts, and other financial vehicles",46,Fund Administration and Accounting | Portfolio and Order Management | Reconciliation and Reporting | Investor Reporting and Performance
"Valuation, NAV, and Reconciliation",Governance and Portfolio Operations,Capital Markets and Investment Management,"Funds, trusts, and other financial vehicles",46,Fund Administration and Accounting | Portfolio and Order Management | Reconciliation and Reporting | Investor Reporting and Performance
Investor Reporting,Governance and Portfolio Operations,Capital Markets and Investment Management,"Funds, trusts, and other financial vehicles",46,Fund Administration and Accounting | Portfolio and Order Management | Reconciliation and Reporting | Investor Reporting and Performance
Compliance and Service-Provider Oversight,"Risk, Compliance, and Reporting",Capital Markets and Investment Management,"Funds, trusts, and other financial vehicles",46,Fund Administration and Accounting | Portfolio and Order Management | Reconciliation and Reporting | Investor Reporting and Performance
Capacity and Event Planning,Planning and Allocation,"Venue, Hospitality, and Attendance Operations","Amusements, gambling, and recreation industries",47,Ticketing and Venue Management | POS and Payments | CRM | Revenue Management Platform
"Ticketing, POS, and Cage Operations",Customer and Experience Operations,"Venue, Hospitality, and Attendance Operations","Amusements, gambling, and recreation industries",47,Ticketing and Venue Management | POS and Payments | CRM | Revenue Management Platform
Workforce Scheduling,Workforce and Labor Operations,"Venue, Hospitality, and Attendance Operations","Amusements, gambling, and recreation industries",47,Ticketing and Venue Management | POS and Payments | CRM | Revenue Management Platform
Safety and Compliance Management,"Risk, Compliance, and Reporting","Venue, Hospitality, and Attendance Operations","Amusements, gambling, and recreation industries",47,Ticketing and Venue Management | POS and Payments | CRM | Revenue Management Platform
Loyalty and Settlement Management,Finance and Revenue Operations,"Venue, Hospitality, and Attendance Operations","Amusements, gambling, and recreation industries",47,Ticketing and Venue Management | POS and Payments | CRM | Revenue Management Platform
Material Sourcing,Sourcing and Supply,Process Manufacturing and Throughput Control,Paper products,48,ERP | Industrial Automation and SCADA | Maintenance Management | Supply Chain Planning
Production Planning and Process Control,Production and Asset Operations,Process Manufacturing and Throughput Control,Paper products,48,ERP | Industrial Automation and SCADA | Maintenance Management | Supply Chain Planning
Asset Maintenance and Uptime Management,Production and Asset Operations,Process Manufacturing and Throughput Control,Paper products,48,ERP | Industrial Automation and SCADA | Maintenance Management | Supply Chain Planning
Quality and Converting Management,Production and Asset Operations,Process Manufacturing and Throughput Control,Paper products,48,ERP | Industrial Automation and SCADA | Maintenance Management | Supply Chain Planning
Logistics and Channel Fulfillment,Delivery and Service Execution,Process Manufacturing and Throughput Control,Paper products,48,ERP | Industrial Automation and SCADA | Maintenance Management | Supply Chain Planning
Development and Greenlight Management,"Product, Content, and Engineering","IP, Subscription, and Rights Management",Motion picture and sound recording industries,49,Rights and Royalty Management | Production Management | CRM | ERP
Production Scheduling,Planning and Allocation,"IP, Subscription, and Rights Management",Motion picture and sound recording industries,49,Rights and Royalty Management | Production Management | CRM | ERP
Rights and Contract Management,"Product, Content, and Engineering","IP, Subscription, and Rights Management",Motion picture and sound recording industries,49,Rights and Royalty Management | Production Management | CRM | ERP
Distribution and Release Management,"Product, Content, and Engineering","IP, Subscription, and Rights Management",Motion picture and sound recording industries,49,Rights and Royalty Management | Production Management | CRM | ERP
Royalty and Participation Accounting,Finance and Revenue Operations,"IP, Subscription, and Rights Management",Motion picture and sound recording industries,49,Rights and Royalty Management | Production Management | CRM | ERP
Product Lifecycle and Engineering Management,"Product, Content, and Engineering",Product Manufacturing and Lifecycle Operations,"Electrical equipment, appliances, and components",50,ERP | PLM and Engineering Design | Manufacturing Execution System | Shop Floor Control and Quality
Supplier Scheduling and Procurement,Sourcing and Supply,Product Manufacturing and Lifecycle Operations,"Electrical equipment, appliances, and components",50,ERP | PLM and Engineering Design | Manufacturing Execution System | Shop Floor Control and Quality
Assembly and Test,Production and Asset Operations,Product Manufacturing and Lifecycle Operations,"Electrical equipment, appliances, and components",50,ERP | PLM and Engineering Design | Manufacturing Execution System | Shop Floor Control and Quality
Compliance and Certification Management,"Risk, Compliance, and Reporting",Product Manufacturing and Lifecycle Operations,"Electrical equipment, appliances, and components",50,ERP | PLM and Engineering Design | Manufacturing Execution System | Shop Floor Control and Quality
Channel and Service Support,Customer and Experience Operations,Product Manufacturing and Lifecycle Operations,"Electrical equipment, appliances, and components",50,ERP | PLM and Engineering Design | Manufacturing Execution System | Shop Floor Control and Quality
