industry	workflow	manual_work	duplicate_entry	spreadsheets	emails	reconciliation	document_gathering	approvals	coordination	blocked_work	revenue_leakage	delayed_cash	compliance_burden	investigation	status_chasing	operational_friction	pain_summary
Construction	Market development and bid intake	Medium	Low	Medium	High	Low	Medium	Medium	Medium	Medium	Medium	Low	Low	Low	Medium	Medium	Bid pursuit still runs through addenda chasing and email-based clarification.
Construction	Estimating and proposal management	High	Medium	High	High	Low	High	Medium	Medium	Medium	High	Low	Low	Medium	Medium	High	Scope assumptions and price updates still require manual restitching.
Construction	Contract review and project setup	High	Medium	Medium	High	Medium	High	High	Medium	High	High	Medium	High	Medium	Medium	High	Billing and compliance rules are easy to misload and costly later.
Construction	Project scheduling and resource planning	Medium	Low	Medium	Medium	Low	Low	High	High	High	Medium	Low	Low	Medium	High	High	Planning pain is real but broad rather than wedge-shaped.
Construction	Subcontractor and vendor onboarding and compliance	High	Low	Low	High	Low	High	High	High	Medium	Low	Low	High	Medium	High	High	COIs and vendor readiness still cause manual unblock work.
Construction	Labor time capture and cost coding	Medium	Medium	Medium	Medium	Medium	Low	Medium	Medium	Medium	Medium	Low	Low	Medium	Medium	Medium	Daily cost capture still needs correction but is not the deepest pain.
Construction	Field execution and daily production	High	Low	Low	High	Low	Low	Medium	High	High	Medium	Low	Low	High	High	High	Field coordination remains manual but too broad for first entry.
Construction	Safety, quality, and inspection management	High	Low	Low	Medium	Low	High	High	Medium	High	Medium	Low	High	High	Medium	High	Inspection failure creates real rework and evidence burden.
Construction	Change-order and cost-to-complete reconciliation	High	High	High	High	High	High	High	High	High	High	Medium	Medium	High	High	High	Unsigned scope drift creates repeated investigation and margin leakage.
Construction	Progress billing, SOV, and pay application preparation	High	High	High	High	High	High	High	High	High	High	High	High	High	High	High	Draw-package assembly remains intensely manual and rejection-prone.
Construction	Collections, waiver, and payment dispute recovery	High	Medium	High	High	High	High	High	High	High	High	High	High	High	High	High	Blocked submissions create the sharpest cash and coordination pain.
Construction	Punchlist, closeout, and retainage release	High	Medium	Medium	High	Medium	High	High	High	High	Medium	High	Medium	High	High	High	Closeout work is painful but later-cycle and more episodic.
Housing	Unit marketing and lead management	Medium	Low	Medium	High	Low	Low	Low	Medium	Medium	Medium	Low	Low	Low	Medium	Medium	Availability and follow-up still drift across channels.
Housing	Applicant screening and lease execution	Medium	Low	Low	High	Low	High	High	Medium	Medium	Medium	Low	Medium	Medium	Medium	Medium	Document chase exists, but the workflow is more bounded.
Housing	Move-in onboarding and account setup	Medium	Medium	Low	Medium	Low	Medium	Medium	Medium	Medium	Low	Low	Low	Medium	Medium	Medium	Account setup errors are annoying but not wedge-defining.
Housing	Rent billing and cash application	Medium	Medium	Medium	Medium	High	Low	Medium	Low	Medium	Medium	Low	Low	Medium	Medium	Medium	Finance friction exists but is already owned by the PMS stack.
Housing	Delinquency, collections, and move-out notices	High	Low	Low	High	Medium	High	High	Medium	High	High	Low	Medium	High	High	High	Collections work is manual but not the strongest neglected workflow.
Housing	Maintenance intake and triage	High	Low	Low	Medium	Low	Low	Medium	High	Medium	Low	Low	Low	Medium	Medium	High	Intake can be digitized, but it does not solve downstream blockage.
Housing	Vendor onboarding and compliance	High	Low	Low	High	Low	High	High	High	High	Low	Low	Medium	Medium	High	High	Vendor readiness remains a repeat source of stalled turns.
Housing	Repair dispatch and work order execution	High	Low	Low	High	Low	Low	Medium	High	High	Medium	Low	Low	High	High	High	Assigned work still escapes into text and call-based recovery.
Housing	Turnover and make-ready recovery	High	Medium	High	High	Medium	High	High	High	High	High	High	Medium	High	High	High	Missed ready dates trigger the densest coordination and rent loss pain.
Housing	Resident communication, renewal, and retention	Medium	Low	Low	High	Low	Low	Low	Medium	Medium	Low	Low	Low	Medium	Medium	Medium	Communication pain exists but is secondary to turn recovery.
Housing	Inspections, owner reporting, and compliance	High	Medium	Medium	High	Medium	High	High	Medium	High	Low	Low	High	High	Medium	High	Evidence and reporting work intensify when turns slip.
Administrative and support services	Client sales, scoping, and rate setup	Medium	High	High	High	Medium	Medium	High	Medium	Medium	High	Low	Low	Medium	Medium	High	Bad setup creates future pay/bill pain and margin risk.
Administrative and support services	Client and VMS onboarding	High	High	Medium	High	Medium	High	High	High	High	Medium	Low	Low	Medium	High	High	Account-specific workflow setup is a recurring exception seed.
Administrative and support services	Recruiting and candidate submission	Medium	Low	Medium	High	Low	Low	Low	Medium	Medium	High	Low	Low	Medium	Medium	Medium	Submission work is busy but not the best exception wedge.
Administrative and support services	Credentialing and compliance onboarding	High	Low	Low	High	Low	High	High	High	High	Medium	Low	Medium	High	High	High	Compliance packet chasing is real but still adjacent.
Administrative and support services	Assignment setup, scheduling, and worker communication	High	Low	Low	High	Low	Low	Medium	High	High	Medium	Low	Low	Medium	High	High	Shift-change coordination is painful but less budget-visible.
Administrative and support services	Time capture and approval	High	Medium	High	High	High	Low	High	High	High	High	Medium	Low	High	High	High	Weekly approval chasing is a direct input to the surviving wedge.
Administrative and support services	Pay/bill discrepancy resolution	High	High	High	High	High	Medium	High	High	High	High	High	Low	High	High	High	Mismatch diagnosis is the clearest middle-office exception desk.
Administrative and support services	Payroll processing	High	Medium	Medium	Medium	High	Low	High	Medium	High	High	Low	Medium	High	Medium	High	Payroll corrections are costly but sit close to incumbent modules.
Administrative and support services	Client invoicing, cash application, and collections	High	High	High	High	High	Medium	Medium	High	High	High	Medium	Low	High	High	High	Disputes and rebills expose the same mismatch problem downstream.
Administrative and support services	Service-level monitoring, reporting, and escalation	Medium	Medium	High	High	Medium	Low	Medium	Medium	Medium	Medium	Low	Low	Medium	Medium	Medium	Account reporting pain exists but is not as recurring.
Administrative and support services	Renewal, replacement, and offboarding	Medium	Low	Medium	High	Low	Low	Medium	Medium	Medium	Medium	Low	Low	Medium	Medium	Medium	Offboarding creates cleanup work but not the strongest wedge.
Food services and drinking places	Menu, pricing, and promotion planning	Medium	High	High	Medium	Low	Low	High	Medium	Medium	High	Low	Low	Medium	Medium	Medium	Channel pricing drift creates friction but not enough whitespace.
Food services and drinking places	Labor scheduling and time capture	Medium	Low	Low	Medium	Medium	Low	High	High	Medium	Medium	Low	Low	Medium	Medium	Medium	Labor issues are real but already software-heavy.
Food services and drinking places	Procurement, receiving, and inventory setup	High	Medium	Medium	High	Medium	High	Low	Medium	Medium	Medium	Low	Low	Medium	Medium	Medium	Receiving and invoice mismatch create workload but not a wedge.
Food services and drinking places	Prep and production planning	Medium	Low	Low	Low	Low	Low	Low	Medium	Medium	Medium	Low	Low	Medium	Low	Medium	Prep variance matters operationally but is hard to isolate as software.
Food services and drinking places	POS, delivery-channel, and order capture	High	High	Medium	Medium	Medium	Low	Low	Medium	High	Medium	Low	Low	Medium	High	Medium	Channel mismatches persist, but incumbents own most of the boundary.
Food services and drinking places	Kitchen and service fulfillment	Medium	Low	Low	Low	Low	Low	Low	High	Medium	Medium	Low	Low	Medium	Low	Medium	Service recovery is important but too operationally broad.
Food services and drinking places	Daily sales summary and cash close	High	High	High	Medium	High	Medium	High	Medium	Medium	Medium	Low	Low	High	Medium	High	Close still takes manual review even with broad restaurant suites.
Food services and drinking places	Inventory, waste, and recipe variance reconciliation	High	High	High	Medium	High	Medium	Low	Medium	Medium	High	Low	Low	High	Medium	High	Variance work is real but remains diffuse and already served.
Food services and drinking places	Complaint, refund, chargeback, and third-party dispute recovery	High	High	High	High	High	High	Medium	High	High	High	Low	Low	High	High	High	Marketplace payout disputes remain painful but too occupied.
Food services and drinking places	Health, safety, labor, tax, and compliance reporting	High	Low	Medium	Medium	Medium	High	High	Medium	Medium	Low	Low	High	High	Medium	High	Compliance work is heavy but periodic and incumbent-adjacent.
