industry	workflow	lifecycle_stage	objective	trigger	actors	economic_buyer	systems_of_record	manual_tools	decisions	handoffs	customer_interactions	exceptions	recovery_loops	manual_work	spreadsheet_usage	email_usage	money_lost	time_lost	judgment	customer_evidence	incumbent_products	economics	candidate_status	gate_workflow_coverage	gate_customer_evidence	gate_frequency	gate_buyer	gate_bottom_up_economics	gate_incumbent_boundary	gate_timing	gate_competitive_stress	gate_kill_test	worker_role_signal
Construction	Market development and bid intake	Commercial	Win qualified work invitations	RFP; ITB; referral	BD lead; estimator; principal	Owner; preconstruction lead	CRM; bid board	Email; shared drive; phone	Bid or no-bid	BD to estimating	GC bid desk; owners	Missing bid docs; late addenda	Request clarifications; revise scope	Medium	Medium	High	Medium	Medium	High	Low	BuildingConnected; SmartBid; CRM	Pursuit waste; bad project mix	None	Pass	N/A	N/A	N/A	N/A	N/A	N/A	N/A	N/A	Estimating coordinator
Construction	Estimating and proposal management	Commercial	Price scope accurately	Qualified bid invitation	Estimator; precon lead; suppliers	Owner; preconstruction lead	Estimating tools; spreadsheets	Email; Excel; PDF markup	Price assumptions; exclusions	Estimating to PM/exec	GC scope clarifications	Scope mismatch; stale pricing	Reprice; restate assumptions	High	High	High	Medium	High	High	Medium	Estimating tools; ERP	Margin leakage; rebid labor	None	Pass	N/A	N/A	N/A	N/A	N/A	N/A	N/A	N/A	Estimator
Construction	Contract review and project setup	Commercial	Load billing and compliance rules	Award notice	PM; project accountant; controller	Controller; principal	ERP; project management system	Checklists; PDFs; email	SOV setup; billing rules; compliance path	Precon to project team	GC admin; surety; owner	Misread terms; bad SOV setup	Correct setup; restage billing file	High	Medium	High	Medium	High	High	Medium	ERP; Procore; ACC	First-bill delay; rework	Support-W001	Pass	N/A	N/A	N/A	N/A	N/A	N/A	N/A	N/A	Project accountant
Construction	Project scheduling and resource planning	Planning	Set plan for crews and billing cadence	Contracted project start	PM; superintendent; scheduler	Operations head; principal	Scheduling system; PM suite	Whiteboards; phone; Excel	Crew sequence; milestone dates	PM to field team	GC schedule meetings	Sequence slippage; labor conflict	Resequence crews; revise plan	Medium	Medium	High	Medium	High	High	Low	Primavera; MS Project; Procore	Idle labor; delay risk	None	Pass	N/A	N/A	N/A	N/A	N/A	N/A	N/A	N/A	Scheduler
Construction	Subcontractor and vendor onboarding and compliance	Supplier / Partner	Make counterparties billable and compliant	Vendor award; project mobilization	Project engineer; AP/AR admin; PM	Controller; PM	ERP; PM suite; compliance tool	Email; checklists; PDF exchange	Approve vendor; accept docs	PM to AP/AR; vendor to project	Vendors; insurers; GC	Expired COI; missing docs	Chase insurer; replace vendor; resubmit	High	Low	High	Low	Medium	Medium	Medium	ERP; PM suites	Mobilization delay; pay hold	Support-W001	Pass	N/A	N/A	N/A	N/A	N/A	N/A	N/A	N/A	Vendor coordinator
Construction	Labor time capture and cost coding	Workforce	Record cost and progress daily	Daily field work	Foreman; payroll admin; superintendent	Controller; operations lead	ERP; timekeeping	Paper; text; Excel	Cost code choice; approve hours	Field to payroll; field to PM	Crew questions	Late timecards; bad coding	Correct codes; chase crews	Medium	Medium	Medium	Medium	Medium	Medium	Low	Timekeeping; ERP	WIP error; payroll rework	None	Pass	N/A	N/A	N/A	N/A	N/A	N/A	N/A	N/A	Payroll admin
Construction	Field execution and daily production	Operational	Deliver scoped work safely	Daily production plan	Superintendent; foreman; field engineer	Operations head; PM	PM suite; field app	Phone; notebook; WhatsApp	Sequence work; flag blockers	Field to office; trade to trade	GC; owner rep; inspectors	Missing context; site conflicts	Escalate constraint; resequence work	High	Low	High	Medium	High	High	Medium	Procore; ACC; field apps	Productivity loss; schedule slip	None	Pass	N/A	N/A	N/A	N/A	N/A	N/A	N/A	N/A	Field engineer
Construction	Safety, quality, and inspection management	Operational	Pass inspections and avoid defects	Inspection due; quality issue	Safety manager; QA lead; superintendent	Operations head; principal	PM suite; inspection tools	Photos; PDF forms; email	Accept work; remediate defect	Field to QA; QA to PM	Inspectors; owner rep	Failed inspection; missing proof	Gather evidence; repair; reinspect	High	Low	Medium	Medium	High	High	Medium	PM suites; inspection apps	Rework; delay; risk	None	Pass	N/A	N/A	N/A	N/A	N/A	N/A	N/A	N/A	QA coordinator
Construction	Change-order and cost-to-complete reconciliation	Recovery	Protect margin on scope drift	Field change; disputed extra	PM; estimator; project accountant	Controller; PM	ERP; PM suite	Excel; email; change logs	Price change; escalate dispute	Field to PM to billing	GC PM; architect	Unsigned CO; stale budget	Restitch logs; reprice; negotiate	High	High	High	High	High	High	High	ERP; Procore; ACC	Margin leakage; billing delay	Support-W001	Pass	N/A	N/A	N/A	N/A	N/A	N/A	N/A	N/A	Project accountant
Construction	Progress billing, SOV, and pay application preparation	Financial	Submit clean draw package	Billing cycle close	Project accountant; billing specialist	Controller; CFO	GCPay; Textura; Procore; ERP	Excel; PDF packs; email	SOV mapping; backup package	PM to billing; billing to portal	GC AP; owner; lender	SOV mismatch; missing backup; rejection	Compare versions; rebuild package; resubmit	High	High	High	High	High	High	High	GCPay; Textura; Procore	Delayed cash; draw labor	Support-W001	Pass	N/A	N/A	N/A	N/A	N/A	N/A	N/A	N/A	Project accountant
Construction	Collections, waiver, and payment dispute recovery	Financial / Recovery	Unblock cash after submission fails	Rejected pay app; waiver hold	AR lead; project accountant; controller	CFO; controller	GCPay; Textura; ERP	Excel; email; phone; PDF tracking	Escalate; accept deduction; resubmit	Billing to AR to GC AP	GC AP; owner; lender; surety	Payment hold; short pay; waiver issue	Diagnose cause; gather proof; resubmit	High	High	High	High	High	High	High	GCPay; Textura; Procore	DSO; financing cost; labor	GREEN-W001	Pass	Pass	Pass	Pass	Pass	Pass	Pass	Pass	Pass	Project accountant; AR specialist
Construction	Punchlist, closeout, and retainage release	Closeout	Close project and release retainage	Substantial completion	PM; project engineer; accountant	Controller; PM	PM suite; ERP	PDF logs; email; Excel	Close or keep pursuing retainage	Field to closeout; closeout to billing	Owner; GC; inspectors	Missing closeout docs; punch items	Collect docs; clear items; rebill	High	Medium	High	High	High	High	Medium	PM suites; ERP	Retainage delay; closeout labor	None	Pass	N/A	N/A	N/A	N/A	N/A	N/A	N/A	N/A	Closeout coordinator
Housing	Unit marketing and lead management	Commercial	Fill units quickly	Upcoming vacancy; available unit	Leasing agent; community manager	Property manager; asset manager	PMS; CRM	Email; listing sites; spreadsheets	Set pricing; open applications	Leasing to screening	Prospects; listing channels	Stale availability; missed follow-up	Update listings; reassign lead	Medium	Medium	High	Medium	Medium	Medium	Low	Yardi; Entrata; AppFolio	Vacancy days from poor follow-up	None	Pass	N/A	N/A	N/A	N/A	N/A	N/A	N/A	N/A	Leasing coordinator
Housing	Applicant screening and lease execution	Commercial	Convert qualified applicants	Application received	Leasing agent; assistant manager	Property manager	PMS; screening tools	Email; PDF exchange	Approve; deny; request docs	Leasing to accounting/resident	Applicants; screening vendors	Missing docs; screening delays	Chase docs; rerun screening	Medium	Low	High	Medium	Medium	High	Medium	Entrata; AppFolio; Yardi	Delay to occupancy	None	Pass	N/A	N/A	N/A	N/A	N/A	N/A	N/A	N/A	Leasing specialist
Housing	Move-in onboarding and account setup	Commercial / Onboarding	Start tenancy cleanly	Approved lease	Leasing admin; property manager	Property manager	PMS	Email; checklists; PDF forms	Assign unit; set accounts	Leasing to ops/resident	Residents; utilities	Missing utilities; bad setup	Correct account; resend info	Medium	Low	Medium	Low	Medium	Medium	Low	PMS suites	Resident friction; first-month errors	None	Pass	N/A	N/A	N/A	N/A	N/A	N/A	N/A	N/A	Resident services coordinator
Housing	Rent billing and cash application	Financial	Post charges and receipts	Rent cycle; payment receipt	Property accountant; manager	Property manager; regional ops	PMS; accounting	Spreadsheet checks; email	Apply cash; waive fees	Ops to accounting	Residents; processors	Posting errors; unapplied cash	Research ledger; reapply receipts	Medium	Medium	Medium	Medium	Medium	Medium	Medium	PMS; accounting suites	Cash application labor; resident disputes	None	Pass	N/A	N/A	N/A	N/A	N/A	N/A	N/A	N/A	Property accountant
Housing	Delinquency, collections, and move-out notices	Financial / Recovery	Recover rent or exit delinquent resident	Overdue balance	Property manager; collections specialist	Property manager; regional ops	PMS; collections tools	Phone; email; letter templates	Offer plan; escalate legal	Ops to legal/accounting	Residents; counsel	Broken plans; notice timing gaps	Reset notices; renegotiate; escalate	High	Low	High	High	High	High	Medium	PMS; collections modules	Bad debt; delay	None	Pass	N/A	N/A	N/A	N/A	N/A	N/A	N/A	N/A	Collections specialist
Housing	Maintenance intake and triage	Operational	Route work correctly	Service request	Coordinator; resident services	Property manager	PMS; maintenance platform	Phone; text; email	Priority; internal vs vendor	Intake to dispatch	Residents; call centers	Wrong priority; duplicate request	Retriage; reassign vendor	High	Low	Medium	Low	Medium	High	Medium	AppFolio; Entrata; Yardi	Resident dissatisfaction; delay	Support-W002	Pass	N/A	N/A	N/A	N/A	N/A	N/A	N/A	N/A	Maintenance coordinator
Housing	Vendor onboarding and compliance	Supplier / Partner	Keep vendors ready and compliant	New vendor; expiring COI	Coordinator; AP admin	Property manager	PMS; AP system	Email; PDF files; checklists	Approve vendor; accept COI	Ops to AP/vendor	Vendors; insurers	Missing COI; slow approval	Chase insurer; swap vendor	High	Low	High	Low	Medium	Medium	Medium	PMS; AP tools	Delay to dispatch; turn slip	Support-W002	Pass	N/A	N/A	N/A	N/A	N/A	N/A	N/A	N/A	Maintenance coordinator
Housing	Repair dispatch and work order execution	Operational	Complete repair on time	Assigned work order	Maintenance supervisor; vendor coordinator	Property manager	PMS; maintenance platform	Text; phone; side boards	Reschedule; reassign; approve extra work	Coordinator to vendor/resident	Residents; vendors	No-show; missing parts; access issue	Call vendor; reschedule; chase access	High	Low	High	Low	High	High	High	Property Meld; PMS suites	Repeat visits; SLA misses	Support-W002	Pass	N/A	N/A	N/A	N/A	N/A	N/A	N/A	N/A	Maintenance coordinator
Housing	Turnover and make-ready recovery	Recovery	Protect ready date and rent start	Unit notice; failed turn milestone	Turns coordinator; community manager	Regional ops; asset manager	PMS; maintenance platform	Spreadsheets; texts; calls; photos	Escalate blockers; reorder work	Leasing to maintenance to vendor	Residents; vendors; inspectors	Vendor delay; failed inspection; approvals	Gather status; escalate; resequence	High	High	High	High	High	High	High	Yardi; Entrata; AppFolio; Property Meld	Vacancy days; lost rent; coordinator labor	GREEN-W002	Pass	Pass	Pass	Pass	Pass	Pass	Pass	Pass	Pass	Maintenance coordinator
Housing	Resident communication, renewal, and retention	Customer / Retention	Keep residents informed and retained	Open issue; renewal cycle	Community manager; leasing manager	Property manager	PMS; CRM	Email; SMS; call log	Offer renewal; resolve concern	Ops to leasing to resident	Residents	Missed updates; renewal confusion	Manual outreach; adjust offer	Medium	Low	High	Low	Medium	High	Medium	PMS; CRM	Renewal risk; staff time	None	Pass	N/A	N/A	N/A	N/A	N/A	N/A	N/A	N/A	Community manager
Housing	Inspections, owner reporting, and compliance	Governance / Risk	Pass audits and report status	Inspection due; owner reporting cycle	Regional manager; property accountant	Asset manager; owner	PMS; reporting suite	Photos; email; spreadsheets	Approve spend; clear compliance	Ops to ownership/regulators	Owners; lenders; regulators	Missing evidence; failed turn inspection	Collect proof; reinspect; update owner	High	Medium	High	Medium	High	High	Medium	PMS; reporting suites	Compliance risk; delayed turn	Support-W002	Pass	N/A	N/A	N/A	N/A	N/A	N/A	N/A	N/A	Regional maintenance coordinator
Administrative and support services	Client sales, scoping, and rate setup	Commercial	Set account economics and rules	New client opportunity	Account executive; implementation lead	Branch leader; VP ops	ATS; CRM	Email; Excel; proposal docs	Bill rates; margin floor; terms	Sales to implementation/client success	Client; MSP; VMS	Bad rate card; missing rules	Restate terms; update account	Medium	High	High	High	Medium	High	Low	Bullhorn; Avionte; CRM	Bad account economics	Support-W003	Pass	N/A	N/A	N/A	N/A	N/A	N/A	N/A	N/A	Account executive
Administrative and support services	Client and VMS onboarding	Commercial / Partner	Configure clean middle-office flow	New account win	Implementation analyst; middle-office admin	Branch leader; controller	ATS; VMS; middle-office suite	Email; checklists; portal notes	Configure approvers; sync fields	Implementation to ops/pay-bill	Client AP; MSP; VMS	Misconfigured portal; missing approver	Reconfigure; retest; retrain	High	Medium	High	Medium	High	High	Medium	Bullhorn; Avionte; VMS tools	Launch delay; later exceptions	Support-W003	Pass	N/A	N/A	N/A	N/A	N/A	N/A	N/A	N/A	Implementation analyst
Administrative and support services	Recruiting and candidate submission	Workforce	Fill open demand	Open requisition	Recruiter; account manager	Branch leader	ATS	Email; phone; spreadsheets	Submit candidate or hold	Recruiting to client/account	Client; candidates	Rejected submission; missing data	Resubmit profile; chase docs	Medium	Low	High	Low	Medium	High	Low	ATS suites	Lost fill revenue	None	Pass	N/A	N/A	N/A	N/A	N/A	N/A	N/A	N/A	Recruiter
Administrative and support services	Credentialing and compliance onboarding	Workforce / Risk	Clear worker to start	Candidate accepted	Onboarding coordinator; compliance specialist	Branch leader; compliance head	ATS; credentialing tools	Email; PDF packets; phone	Approve start; request docs	Onboarding to scheduling/payroll	Candidates; screening vendors	Missing docs; failed screening	Chase candidate; resubmit docs	High	Low	High	Low	Medium	High	Medium	Credentialing tools; ATS	Start delay; redeploy risk	None	Pass	N/A	N/A	N/A	N/A	N/A	N/A	N/A	N/A	Credentialing specialist
Administrative and support services	Assignment setup, scheduling, and worker communication	Workforce	Activate placement correctly	Placement start	Scheduler; recruiter; account manager	Branch leader	ATS; workforce tools	Text; phone; email	Shift rules; communication path	Recruiter to worker/site	Workers; site supervisors	Wrong shift; late change	Call worker; restage schedule	High	Low	High	Low	Medium	High	Low	ATS; workforce apps	Attendance issues; client friction	None	Pass	N/A	N/A	N/A	N/A	N/A	N/A	N/A	N/A	Scheduler
Administrative and support services	Time capture and approval	Workforce / Financial	Secure approved hours	Week end; pay period close	Timecard admin; payroll coordinator	Controller; ops lead	Bullhorn; Avionte; VMS	Email; portal chase; Excel	Approve time; escalate missing hours	Worker/site to middle office	Workers; client approvers; VMS	Unapproved hours; missing punches	Chase approver; reopen or correct timecard	High	Medium	High	High	High	High	High	Bullhorn; Avionte; VMS tools	Payroll delay; billing delay	Support-W003	Pass	N/A	N/A	N/A	N/A	N/A	N/A	N/A	N/A	Timecard admin
Administrative and support services	Pay/bill discrepancy resolution	Recovery	Correct mismatches before close	Mismatch flagged; export failure	Reconciliation analyst; billing ops	Controller; VP finance	Bullhorn; Avionte; Ascen; ATS	VLOOKUPs; email; portal logs	Correct data; rerun payroll or invoice	Middle office to payroll/billing	Client AP; MSP; VMS; workers	Rate mismatch; sync error; rule conflict	Compare systems; correct record; rerun	High	High	High	High	High	High	High	Bullhorn; Avionte; Ascen	Payroll risk; margin leakage; DSO	YELLOW-W003	Pass	Borderline	Pass	Pass	Pass	Borderline	Pass	Borderline	Borderline	Billing operations coordinator; payroll/billing specialist
Administrative and support services	Payroll processing	Financial	Pay workers on time	Approved hours ready	Payroll specialist; payroll manager	Controller	Payroll system; middle-office suite	Excel checks; email	Issue payroll; correction run	Middle office to payroll	Workers	Bad export; tax/rule conflict	Reprocess batch; issue correction	High	Medium	Medium	High	High	High	Medium	Middle-office suites	Payroll penalties; trust loss	Support-W003	Pass	N/A	N/A	N/A	N/A	N/A	N/A	N/A	N/A	Payroll specialist
Administrative and support services	Client invoicing, cash application, and collections	Financial	Bill client and collect cash	Approved billable hours	AR specialist; billing specialist	Controller; branch leader	Middle-office suite; ERP	Excel; email; portal uploads	Send invoice; escalate dispute	Billing to AR/client service	Client AP; MSP	Rejected invoice; short pay	Restitch support; rebill; chase payment	High	Medium	High	High	High	High	Medium	Bullhorn; Avionte; ERP	DSO; rebill labor	Support-W003	Pass	N/A	N/A	N/A	N/A	N/A	N/A	N/A	N/A	Billing specialist
Administrative and support services	Service-level monitoring, reporting, and escalation	Governance / Customer	Keep account health visible	SLA review; complaint	Ops manager; account manager	Branch leader	ATS; BI tools	Excel; email decks	Escalate issue; replace worker	Ops to client success	Client; site supervisors	Missing attendance data; service breach	Manual report; corrective action	Medium	Medium	High	Low	Medium	High	Low	ATS; BI tools	Client retention risk	None	Pass	N/A	N/A	N/A	N/A	N/A	N/A	N/A	N/A	Operations manager
Administrative and support services	Renewal, replacement, and offboarding	Closeout	Close placement cleanly	End assignment	Recruiter; ops lead; billing	Branch leader	ATS; CRM	Email; spreadsheets	Backfill or close account	Ops to recruiting/billing	Client; workers	Final time dispute; delayed offboarding	Collect final hours; backfill	Medium	Low	High	Low	Medium	High	Low	ATS; CRM	Lost redeploy speed	None	Pass	N/A	N/A	N/A	N/A	N/A	N/A	N/A	N/A	Operations lead
Food services and drinking places	Menu, pricing, and promotion planning	Commercial	Set profitable offer	Menu change; promo plan	Owner; GM; finance lead	Owner; operator	POS; spreadsheets	Email; spreadsheet pricing	Set price; launch promo	Finance to store/team	Guests; delivery channels	Channel price mismatch	Update menus; correct channels	Medium	High	Medium	Medium	Medium	Medium	Low	Toast; Square; R365	Margin leakage	None	Pass	N/A	N/A	N/A	N/A	N/A	N/A	N/A	N/A	Owner-operator
Food services and drinking places	Labor scheduling and time capture	Workforce	Match labor to demand	Weekly schedule; shift close	GM; shift manager	Owner; GM	POS; workforce management	Text; spreadsheet edits	Approve overtime; cut shifts	Manager to staff	Employees	Bad punches; call-offs	Fix punch; rearrange shift	Medium	Low	Medium	Low	Medium	High	Low	7shifts; Toast; HotSchedules	Labor cost drift	None	Pass	N/A	N/A	N/A	N/A	N/A	N/A	N/A	N/A	Shift manager
Food services and drinking places	Procurement, receiving, and inventory setup	Supplier / Partner	Keep store stocked	Par reorder; delivery day	Kitchen manager; purchaser	Owner; GM	Inventory system; distributor portals	Phone; invoice checks	Accept shipment; reorder item	Receiving to kitchen/accounting	Suppliers	Missing delivery; bad item mapping	Call distributor; rekey invoice	High	Medium	High	Medium	Medium	Medium	Low	R365; MarketMan; distributor portals	Stockout; waste	None	Pass	N/A	N/A	N/A	N/A	N/A	N/A	N/A	N/A	Purchasing clerk
Food services and drinking places	Prep and production planning	Operational	Translate forecast to prep	Daily forecast	Chef; kitchen manager	Owner; GM	POS; prep sheets	Whiteboard; text	Set prep levels; cut waste	Manager to line cooks	Internal only	Bad forecast; prep shortfall	Fire extra prep; 86 menu item	Medium	Low	Low	Low	Medium	High	Low	POS; inventory tools	Waste; service slowdown	None	Pass	N/A	N/A	N/A	N/A	N/A	N/A	N/A	N/A	Kitchen manager
Food services and drinking places	POS, delivery-channel, and order capture	Customer / Commercial	Capture clean order	Guest or marketplace order	Cashier; manager; POS admin	Owner; GM	Toast; Square; delivery apps	Email; portal checks	Menu sync; source mapping	Channel to store	Guests; marketplaces	Menu sync issue; dropped order	Adjust menu; call support; rekey order	High	Medium	Medium	Low	Medium	High	Medium	Toast; Square; Otter	Order fallout; refunds	Support-Food01	Pass	N/A	N/A	N/A	N/A	N/A	N/A	N/A	N/A	POS admin
Food services and drinking places	Kitchen and service fulfillment	Operational	Deliver complete order	Live ticket	FOH manager; line cooks	Owner; GM	POS; KDS	Verbal check; expo notes	Remake; comp; refund	Server to kitchen to guest	Guests; drivers	Missed item; delayed handoff	Expedite remake; comp order	Medium	Low	Low	Low	Medium	High	Low	POS; KDS	Refund cost; service delay	None	Pass	N/A	N/A	N/A	N/A	N/A	N/A	N/A	N/A	FOH manager
Food services and drinking places	Daily sales summary and cash close	Financial	Close books accurately	End of day	GM; bookkeeper; accountant	Owner; operator	Toast; Restaurant365; accounting	CSV export; Excel; email	Approve close; adjust deposits	Store to accounting	Processors; accounting	Missing deposit; DSS import issue	Compare reports; adjust close	High	High	Medium	Medium	High	High	Medium	Toast; Restaurant365	Close labor; posting delay	Support-Food01	Pass	N/A	N/A	N/A	N/A	N/A	N/A	N/A	N/A	Bookkeeper
Food services and drinking places	Inventory, waste, and recipe variance reconciliation	Financial / Recovery	Explain margin variance	Weekly count; month close	Kitchen manager; finance analyst	Owner; GM	Inventory system; accounting	Count sheets; Excel; email	Adjust recipe; accept loss	Kitchen to accounting	Suppliers	Unknown variance; bad counts	Recount; inspect comps or waste	High	High	Medium	Medium	High	High	Medium	Restaurant365; MarketMan	Food cost variance	None	Pass	N/A	N/A	N/A	N/A	N/A	N/A	N/A	N/A	Kitchen manager
Food services and drinking places	Complaint, refund, chargeback, and third-party dispute recovery	Recovery	Recover payout and resolve disputes	Guest complaint; payout mismatch	Owner; GM; bookkeeper	Owner; operator	Toast; Restaurant365; Otter; marketplaces	CSV export; email; portals	File dispute; issue refund	Store to marketplace/accounting	Guests; DoorDash; Uber Eats; Grubhub	Fee mismatch; payout dispute; chargeback	Download reports; reconcile; file dispute	High	High	High	Medium	High	Medium	High	Toast; Restaurant365; Otter; marketplaces	Payout leakage; bookkeeping time	KILL-Food01	Pass	Pass	Pass	Pass	Pass	Fail	Pass	Fail	Fail	Bookkeeper; office assistant
Food services and drinking places	Health, safety, labor, tax, and compliance reporting	Governance / Risk	Maintain compliance	Inspection; filing deadline	GM; accountant; HR admin	Owner; operator	POS; HR; accounting	Checklists; email; PDFs	File report; respond to issue	Store to regulators	Inspectors; tax authorities	Missing records; tax adjustment	Gather proof; amend filing	High	Low	Medium	Medium	Medium	High	Medium	Toast; HR; accounting	Audit burden; penalties	None	Pass	N/A	N/A	N/A	N/A	N/A	N/A	N/A	N/A	Accountant
