rank_2025_gross_output,industry_name,bea_table_line,gross_output_2025_usd_mn,value_added_2025_usd_mn,q1_2026_real_go_change_pct_saar,economic_size_summary,canonical_operating_system,canonical_workflow_family_1,canonical_workflow_1,canonical_workflow_family_2,canonical_workflow_2,canonical_workflow_family_3,canonical_workflow_3,canonical_workflow_family_4,canonical_workflow_4,canonical_workflow_family_5,canonical_workflow_5,canonical_workflows,canonical_workflow_families,systems_of_record_categories,phase_1b_validation_status,phase_1b_missing_fields,operating_model_observation,core_workflows_observation,systems_of_record_map,technology_maturity_assessment,structural_pressures_observation,inefficiency_signals_observation,evidence_quality_confidence,source_links,hypothesis_notes
1,Housing,62,3324970,3005348,1.1,$3.32T gross output; $3.01T value added (BEA 2025),Asset Utilization and Lease Management,"Access, Intake, and Contracting",Lease Acquisition and Renewal,Finance and Revenue Operations,"Billing, Collections, and Cash Application",Production and Asset Operations,Asset Maintenance and Work Orders,Production and Asset Operations,Turnover and Readiness Management,Governance and Portfolio Operations,Capital Planning and Compliance Reporting,"Lease Acquisition and Renewal | Billing, Collections, and Cash Application | Asset Maintenance and Work Orders | Turnover and Readiness Management | Capital Planning and Compliance Reporting","Access, Intake, and Contracting | Finance and Revenue Operations | Production and Asset Operations | Production and Asset Operations | Governance and Portfolio Operations",Property Management System | CRM | Maintenance Management,Complete,,"Residential property ownership and leasing model; economics run through occupancy, rent yield, maintenance, financing, and compliance.",Leasing and renewals | Rent billing and collections | Maintenance/work orders | Tenant turns/make-ready | Capex and compliance reporting,Yardi | RealPage | AppFolio | MRI Software | Entrata,"Medium-High: core PMS/accounting stacks are mature, but field operations and data interoperability remain uneven.",Affordability constraints; interest-rate sensitivity; insurance/tax pressure; energy retrofits; local regulation and labor scarcity.,Fragmented ownership; manual maintenance coordination; inconsistent tenant data; slow turns; compliance and collections workflows spread across vendors.,Medium-High,https://apps.bea.gov/industry/Release/XLS/GDPxInd/GrossOutput.xlsx | https://apps.bea.gov/industry/Release/XLS/GDPxInd/ValueAdded.xlsx | https://www.bea.gov/data/gdp/gdp-industry | https://www.census.gov/housing/hvs/data/reports.html,
2,Wholesale trade,34,3136235,1905380,10.6,$3.14T gross output; $1.91T value added (BEA 2025),Distribution and Trade Operations,Planning and Allocation,Demand Planning,Sourcing and Supply,Procurement and Replenishment,"Access, Intake, and Contracting",Pricing and Quoting,Delivery and Service Execution,Order Management and Fulfillment,Finance and Revenue Operations,Billing and Collections,Demand Planning | Procurement and Replenishment | Pricing and Quoting | Order Management and Fulfillment | Billing and Collections,"Planning and Allocation | Sourcing and Supply | Access, Intake, and Contracting | Delivery and Service Execution | Finance and Revenue Operations",ERP | Supply Chain Planning | Warehouse Management System | Order Management System,Complete,,"Distribution-margin model coordinating suppliers, inventory, pricing, fulfillment, and receivables across fragmented B2B networks.",Demand planning | Procurement and replenishment | Pricing/quoting | Order management and fulfillment | Accounts receivable and collections,SAP S/4HANA | Oracle NetSuite | Infor | Blue Yonder | Manhattan Associates,"Medium-High: ERP/WMS layers are mature, but cross-enterprise visibility and data quality vary widely.",Margin compression; tariff and sourcing volatility; customer service-level expectations; working-capital pressure; omnichannel digitization.,EDI/email order capture; fragmented supplier master data; low inventory visibility across locations; rebate and pricing leakage.,High,https://apps.bea.gov/industry/Release/XLS/GDPxInd/GrossOutput.xlsx | https://apps.bea.gov/industry/Release/XLS/GDPxInd/ValueAdded.xlsx | https://www.bea.gov/data/gdp/gdp-industry | https://www.census.gov/econ/overview/wh0300.html | https://www.census.gov/programs-surveys/aies/about.html,
3,Construction,11,2534683,1341322,-4.9,$2.53T gross output; $1.34T value added (BEA 2025),Project Delivery and Contracting,"Access, Intake, and Contracting",Estimating and Proposal Management,Planning and Allocation,Project Scheduling and Resource Planning,Sourcing and Supply,Supplier and Subcontractor Management,Delivery and Service Execution,Field Execution and Change Management,Finance and Revenue Operations,Progress Billing and Compliance Administration,Estimating and Proposal Management | Project Scheduling and Resource Planning | Supplier and Subcontractor Management | Field Execution and Change Management | Progress Billing and Compliance Administration,"Access, Intake, and Contracting | Planning and Allocation | Sourcing and Supply | Delivery and Service Execution | Finance and Revenue Operations",Project and Construction Management | Scheduling and Planning | ERP,Complete,,"Project-based contracting and subcontracting model driven by bid accuracy, schedule control, labor/equipment utilization, and cash conversion.",Estimating and bidding | Project scheduling | Procurement/subcontractor management | Field reporting and change orders | Progress billing and lien/compliance tracking,Procore | Autodesk Construction Cloud | Oracle Primavera | Trimble | Sage,"Medium: strong point solutions exist, but adoption and interoperability remain inconsistent across the field and back office.",Labor shortages; cost inflation; interest-rate sensitivity; permitting/compliance load; owner demand for schedule certainty.,Manual RFIs/submittals; fragmented subcontractor data; change-order leakage; duplicate field-to-office entry; slow payment cycles.,High,https://apps.bea.gov/industry/Release/XLS/GDPxInd/GrossOutput.xlsx | https://apps.bea.gov/industry/Release/XLS/GDPxInd/ValueAdded.xlsx | https://www.bea.gov/data/gdp/gdp-industry | https://www.census.gov/construction/c30/at_a_glance.html | https://www.census.gov/programs-surveys/aies/about.html,
4,"Miscellaneous professional, scientific, and technical services",69,2384991,1518505,4.4,$2.38T gross output; $1.52T value added (BEA 2025),Professional Services and Matter Management,"Access, Intake, and Contracting",Lead and Proposal Management,Workforce and Labor Operations,Staffing and Capacity Planning,Delivery and Service Execution,Project Delivery,Finance and Revenue Operations,Time and Expense Capture,Finance and Revenue Operations,Billing and Collections,Lead and Proposal Management | Staffing and Capacity Planning | Project Delivery | Time and Expense Capture | Billing and Collections,"Access, Intake, and Contracting | Workforce and Labor Operations | Delivery and Service Execution | Finance and Revenue Operations | Finance and Revenue Operations",CRM | HCM / Workforce Management | Professional Services Automation | ERP,Complete,,"People-intensive expert-services model sold via engagements, retainers, or milestones; economics depend on utilization, realization, staffing mix, and repeat demand.",Pipeline and proposal management | Staffing and capacity planning | Project delivery | Time/expense capture | Invoicing and collections,Salesforce | Microsoft Dynamics 365 | Workday | Deltek | NetSuite,"Medium: front-office and finance stacks are mature, but delivery operations are often fragmented by practice and firm size.",Talent competition; client procurement scrutiny; AI-enabled productivity shifts; utilization pressure; margin sensitivity.,Weak staffing visibility; proposal-to-delivery disconnects; delayed time capture; bespoke reporting; knowledge trapped in teams.,Medium,https://apps.bea.gov/industry/Release/XLS/GDPxInd/GrossOutput.xlsx | https://apps.bea.gov/industry/Release/XLS/GDPxInd/ValueAdded.xlsx | https://www.bea.gov/data/gdp/gdp-industry | https://www.census.gov/programs-surveys/aies/about.html | https://www.census.gov/programs-surveys/sas/about.html,
5,Other real estate,63,2093484,848880,-8.6,$2.09T gross output; $0.85T value added (BEA 2025),Asset Utilization and Lease Management,"Access, Intake, and Contracting",Lease Acquisition and Pipeline Management,Governance and Portfolio Operations,Asset and Investor Reporting,Production and Asset Operations,Asset Maintenance and Work Orders,Finance and Revenue Operations,Billing and Reconciliation,Governance and Portfolio Operations,Capital Planning and Compliance Reporting,Lease Acquisition and Pipeline Management | Asset and Investor Reporting | Asset Maintenance and Work Orders | Billing and Reconciliation | Capital Planning and Compliance Reporting,"Access, Intake, and Contracting | Governance and Portfolio Operations | Production and Asset Operations | Finance and Revenue Operations | Governance and Portfolio Operations",Property Management System | Real Estate Asset Management | CRM | Fund Administration and Accounting,Complete,,"Commercial and non-housing real-estate ownership, leasing, brokerage, and management model driven by occupancy, rent roll quality, capex, and asset turnover.",Leasing and pipeline management | Asset/fund reporting | Property operations and maintenance | Tenant billing and CAM reconciliation | Capex and compliance management,Yardi | MRI Software | CoStar | VTS | Juniper Square,"Medium: core property systems are established, but portfolio-wide data normalization and workflow automation are still uneven.",Office demand reset; refinancing risk; insurance and tax burden; tenant flight-to-quality; climate/compliance retrofits.,Fragmented owner/operator stacks; spreadsheet-driven lease abstractions; slow CAM true-ups; manual work-order coordination.,Medium,https://apps.bea.gov/industry/Release/XLS/GDPxInd/GrossOutput.xlsx | https://apps.bea.gov/industry/Release/XLS/GDPxInd/ValueAdded.xlsx | https://www.bea.gov/data/gdp/gdp-industry | https://www.census.gov/housing/hvs/data/reports.html | https://www.census.gov/programs-surveys/aies/about.html,
6,Ambulatory health care services,77,1743923,1152957,-0.6,$1.74T gross output; $1.15T value added (BEA 2025),Care Delivery and Reimbursement,"Access, Intake, and Contracting","Access, Intake, and Scheduling","Access, Intake, and Contracting",Eligibility and Authorization,Clinical and Case Operations,Clinical Documentation,Finance and Revenue Operations,Coding and Charge Capture,Finance and Revenue Operations,"Billing, Claims, and Collections","Access, Intake, and Scheduling | Eligibility and Authorization | Clinical Documentation | Coding and Charge Capture | Billing, Claims, and Collections","Access, Intake, and Contracting | Access, Intake, and Contracting | Clinical and Case Operations | Finance and Revenue Operations | Finance and Revenue Operations",EHR and Care Management | Practice Management | Revenue Cycle Management,Complete,,"Outpatient visit and procedure model reimbursed by payers and patients; economics hinge on throughput, coding quality, payer authorization, and collections.",Patient intake and scheduling | Eligibility/authorization | Clinical documentation | Coding and charge capture | Claims and patient collections,Epic | athenahealth | eClinicalWorks | Oracle Health | NextGen Healthcare,"Medium-High: EHR adoption is high, but payer/admin workflows remain highly fragmented.",Staff shortages; reimbursement pressure; prior-authorization burden; site-of-care shifts; rising patient-pay responsibility.,Phone/fax handoffs; duplicate documentation; denial rework; fragmented scheduling/referral data; slow authorization loops.,High,https://apps.bea.gov/industry/Release/XLS/GDPxInd/GrossOutput.xlsx | https://apps.bea.gov/industry/Release/XLS/GDPxInd/ValueAdded.xlsx | https://www.bea.gov/data/gdp/gdp-industry | https://www.cms.gov/data-research/statistics-trends-and-reports/national-health-expenditure-data/nhe-fact-sheet | https://www.cms.gov/data-research/statistics-trends-and-reports/national-health-expenditure-data/historical,
7,Other retail,39,1705937,1077608,-1.5,$1.71T gross output; $1.08T value added (BEA 2025),Retail and Service Commerce,Planning and Allocation,Merchandising and Assortment Planning,Planning and Allocation,Inventory Allocation and Replenishment,Customer and Experience Operations,Order Capture and Payment Processing,Delivery and Service Execution,Fulfillment and Returns Management,Customer and Experience Operations,Pricing and Promotion Management,Merchandising and Assortment Planning | Inventory Allocation and Replenishment | Order Capture and Payment Processing | Fulfillment and Returns Management | Pricing and Promotion Management,Planning and Allocation | Planning and Allocation | Customer and Experience Operations | Delivery and Service Execution | Customer and Experience Operations,Commerce Platform | ERP | Order Management System | Warehouse Management System,Complete,,"Consumer merchandise retail across specialty and e-commerce channels; economics driven by sell-through, inventory turns, basket size, returns, and CAC/retention tradeoffs.",Merchandising and assortment planning | Inventory allocation | Order capture and payments | Fulfillment and returns | Pricing and promotion management,Shopify | Salesforce Commerce Cloud | Oracle Retail | SAP | Manhattan Associates,"Medium: commerce tooling is mature, but cross-channel inventory, returns, and profitability management remain hard.",Omnichannel fulfillment costs; digital ad inflation; shrink/fraud; returns burden; private-label and marketplace competition.,Split store/e-commerce inventory pools; manual markdowns; high return handling friction; weak profitability by channel/order.,Medium,https://apps.bea.gov/industry/Release/XLS/GDPxInd/GrossOutput.xlsx | https://apps.bea.gov/industry/Release/XLS/GDPxInd/ValueAdded.xlsx | https://www.bea.gov/data/gdp/gdp-industry | https://www.census.gov/retail/mrts/about_the_surveys.html | https://www.census.gov/programs-surveys/aies/about.html,
8,Insurance carriers and related activities,58,1592051,842755,-2.9,$1.59T gross output; $0.84T value added (BEA 2025),Risk Underwriting and Claims Administration,"Access, Intake, and Contracting",Distribution and Quote-to-Bind,"Risk, Compliance, and Reporting",Underwriting and Pricing,"Risk, Compliance, and Reporting",Policy Administration,Finance and Revenue Operations,Claims Administration,"Risk, Compliance, and Reporting",Regulatory and Reinsurance Reporting,Distribution and Quote-to-Bind | Underwriting and Pricing | Policy Administration | Claims Administration | Regulatory and Reinsurance Reporting,"Access, Intake, and Contracting | Risk, Compliance, and Reporting | Risk, Compliance, and Reporting | Finance and Revenue Operations | Risk, Compliance, and Reporting",Policy Administration | Claims Management | Underwriting and Rating | CRM,Complete,,"Risk underwriting and claims-administration model; economics run through premium growth, loss ratio, expense ratio, capital efficiency, and distribution.",Distribution and quote/bind | Underwriting and pricing | Policy administration | Claims intake/adjudication | Reinsurance and regulatory reporting,Guidewire | Duck Creek | Verisk | Majesco | Salesforce Financial Services Cloud,"Medium-High: core systems are established, but many carriers still run legacy policy/claims stacks and manual adjudication.",Catastrophe losses; rate adequacy; fraud; distribution-channel compression; rising compliance and reserving complexity.,Legacy policy cores; manual bordereaux/reconciliation; claims triage delays; fragmented customer and broker data.,High,https://apps.bea.gov/industry/Release/XLS/GDPxInd/GrossOutput.xlsx | https://apps.bea.gov/industry/Release/XLS/GDPxInd/ValueAdded.xlsx | https://www.bea.gov/data/gdp/gdp-industry | https://content.naic.org/industry/insurance-industry-snapshots-analysis-reports,
9,"Federal Reserve banks, credit intermediation, and related activities",56,1503105,1093345,-5.9,$1.50T gross output; $1.09T value added (BEA 2025),"Deposit, Credit, and Payment Intermediation","Access, Intake, and Contracting",Account and Loan Onboarding,Finance and Revenue Operations,Deposit and Payment Operations,Finance and Revenue Operations,Credit Underwriting and Servicing,"Risk, Compliance, and Reporting",Risk and Compliance Monitoring,Finance and Revenue Operations,Collections and Loss Mitigation,Account and Loan Onboarding | Deposit and Payment Operations | Credit Underwriting and Servicing | Risk and Compliance Monitoring | Collections and Loss Mitigation,"Access, Intake, and Contracting | Finance and Revenue Operations | Finance and Revenue Operations | Risk, Compliance, and Reporting | Finance and Revenue Operations",Core Banking | Loan Origination and Servicing | Payments | Risk and Compliance | CRM,Complete,,"Deposit, lending, servicing, and payments model monetized through net interest margin, fees, and balance-sheet velocity under tight regulatory constraints.",Origination and onboarding | Deposit/payment operations | Credit underwriting and servicing | Risk/compliance monitoring | Collections and loss mitigation,Fiserv | FIS | Jack Henry | nCino | Temenos,"Medium-High: critical cores are mature, but many institutions still depend on layered legacy systems and manual exception handling.",Funding-cost pressure; fraud/cyber risk; regulatory scrutiny; payment modernization; margin sensitivity to rates.,Manual exception queues; fragmented customer data across core and digital channels; costly compliance ops; slow onboarding.,High,https://apps.bea.gov/industry/Release/XLS/GDPxInd/GrossOutput.xlsx | https://apps.bea.gov/industry/Release/XLS/GDPxInd/ValueAdded.xlsx | https://www.bea.gov/data/gdp/gdp-industry | https://www.fdic.gov/quarterly-banking-profile | https://www.federalreserve.gov/releases/h8/Current/ | https://www.federalreserve.gov/newsevents/pressreleases/other20260701a.htm,
10,Food services and drinking places,87,1440423,706948,-3.5,$1.44T gross output; $0.71T value added (BEA 2025),Retail and Service Commerce,Workforce and Labor Operations,Workforce Scheduling,Sourcing and Supply,Procurement and Prep Management,Customer and Experience Operations,Point-of-Sale and Order Flow,Delivery and Service Execution,Service Execution,Finance and Revenue Operations,Cash and Inventory Reconciliation,Workforce Scheduling | Procurement and Prep Management | Point-of-Sale and Order Flow | Service Execution | Cash and Inventory Reconciliation,Workforce and Labor Operations | Sourcing and Supply | Customer and Experience Operations | Delivery and Service Execution | Finance and Revenue Operations,POS and Payments | Restaurant Back Office and Inventory | HCM / Workforce Management,Complete,,"High-volume service-retail model driven by traffic, ticket size, labor productivity, food cost control, and throughput by location.",Labor scheduling | Procurement and prep | POS/order flow | Kitchen/service execution | Daily cash/inventory reconciliation,Toast | Square | Oracle MICROS | NCR Voyix | PAR Technology,"Medium: POS and scheduling are mature, but back-office, supply, and multi-location analytics are often fragmented.",Labor cost inflation; delivery-platform economics; food input volatility; health/safety compliance; consumer traffic swings.,Manual scheduling overrides; recipe/food-cost leakage; split dine-in/delivery data; store-level reporting delays.,Medium-High,https://apps.bea.gov/industry/Release/XLS/GDPxInd/GrossOutput.xlsx | https://apps.bea.gov/industry/Release/XLS/GDPxInd/ValueAdded.xlsx | https://www.bea.gov/data/gdp/gdp-industry | https://www.census.gov/retail/mrts/about_the_surveys.html | https://www.census.gov/programs-surveys/aies/about.html,
11,Administrative and support services,72,1385804,860321,5.5,$1.39T gross output; $0.86T value added (BEA 2025),Workforce Coordination and Service Operations,"Access, Intake, and Contracting",Client Intake and Scope Definition,Workforce and Labor Operations,Recruiting and Work Assignment,Workforce and Labor Operations,Workforce Scheduling,Governance and Portfolio Operations,Service-Level Monitoring,Finance and Revenue Operations,"Payroll, Billing, and Reconciliation","Client Intake and Scope Definition | Recruiting and Work Assignment | Workforce Scheduling | Service-Level Monitoring | Payroll, Billing, and Reconciliation","Access, Intake, and Contracting | Workforce and Labor Operations | Workforce and Labor Operations | Governance and Portfolio Operations | Finance and Revenue Operations",HCM / Workforce Management | CRM | Service Management | ERP,Complete,,"Labor- and process-intermediation model spanning staffing, facilities, customer support, and back-office execution under contract/SLA economics.",Client intake and scoping | Recruiting/staffing or work assignment | Schedule/shift orchestration | SLA/performance tracking | Billing/payroll/reconciliation,Workday | SAP SuccessFactors | UKG | Salesforce | ServiceNow,"Medium: point tools are common, but end-to-end visibility across labor, work, and billing remains uneven.",Wage pressure; buyer consolidation; automation substitution; compliance exposure; contract margin compression.,Manual schedule changes; duplicate payroll/billing entry; poor job-worker matching; fragmented client performance reporting.,Medium,https://apps.bea.gov/industry/Release/XLS/GDPxInd/GrossOutput.xlsx | https://apps.bea.gov/industry/Release/XLS/GDPxInd/ValueAdded.xlsx | https://www.bea.gov/data/gdp/gdp-industry | https://www.census.gov/programs-surveys/aies/about.html | https://www.census.gov/programs-surveys/sas/about.html,
12,Hospitals,78,1351693,741201,4.1,$1.35T gross output; $0.74T value added (BEA 2025),Care Delivery and Reimbursement,"Access, Intake, and Contracting","Access, Admissions, and Throughput Management",Clinical and Case Operations,Clinical Documentation,Clinical and Case Operations,Care Coordination and Order Management,Finance and Revenue Operations,"Billing, Claims, and Collections",Finance and Revenue Operations,Payer Contract Management,"Access, Admissions, and Throughput Management | Clinical Documentation | Care Coordination and Order Management | Billing, Claims, and Collections | Payer Contract Management","Access, Intake, and Contracting | Clinical and Case Operations | Clinical and Case Operations | Finance and Revenue Operations | Finance and Revenue Operations",EHR and Care Management | Revenue Cycle Management | HCM / Workforce Management | ERP,Complete,,"Capital- and labor-intensive acute-care reimbursement model governed by case mix, occupancy, staffing, payer contracts, and revenue-cycle execution.",Patient access and bed management | Clinical documentation | Orders/pharmacy/labs coordination | Coding and claims | Contracting and collections,Epic | Oracle Health | Meditech | Workday | Optum,"Medium-High: clinical cores are mature, but staffing, interoperability, and payer administration are still major friction points.",Workforce shortages; payer mix pressure; site-of-care migration; cybersecurity risk; capital intensity.,Lengthy prior auth and discharge coordination; denial management backlogs; repeated charting; siloed clinical/financial data.,High,https://apps.bea.gov/industry/Release/XLS/GDPxInd/GrossOutput.xlsx | https://apps.bea.gov/industry/Release/XLS/GDPxInd/ValueAdded.xlsx | https://www.bea.gov/data/gdp/gdp-industry | https://www.cms.gov/data-research/statistics-trends-and-reports/national-health-expenditure-data/nhe-fact-sheet | https://www.cms.gov/data-research/statistics-trends-and-reports/national-health-expenditure-data/historical,
13,Food and beverage and tobacco products,26,1272835,354474,-0.6,$1.27T gross output; $0.35T value added (BEA 2025),Process Manufacturing and Throughput Control,Planning and Allocation,Demand Planning,Sourcing and Supply,Material Sourcing,Production and Asset Operations,Production Planning and Process Control,"Risk, Compliance, and Reporting",Regulatory Labeling and Compliance,Customer and Experience Operations,Distribution and Trade Promotion,Demand Planning | Material Sourcing | Production Planning and Process Control | Regulatory Labeling and Compliance | Distribution and Trade Promotion,"Planning and Allocation | Sourcing and Supply | Production and Asset Operations | Risk, Compliance, and Reporting | Customer and Experience Operations",ERP | Supply Chain Planning | Manufacturing Execution System | Industrial Automation and SCADA,Complete,,"Process manufacturing of packaged consumables; economics depend on throughput, yield, quality/compliance, distribution, and brand/channel power.",Demand planning | Raw-material sourcing | Production scheduling and quality | Regulatory labeling/compliance | Distribution and trade promotion,SAP | Oracle | Infor | Siemens Opcenter | Rockwell FactoryTalk,"Medium-High: plant systems are mature, but trade promotion, supplier traceability, and planning remain fragmented.",Input-price volatility; food safety/regulatory load; retailer bargaining power; traceability expectations; labor automation needs.,Forecast error; recall/traceability friction; spreadsheet trade promotion; quality data stranded between plant and enterprise systems.,Medium-High,https://apps.bea.gov/industry/Release/XLS/GDPxInd/GrossOutput.xlsx | https://apps.bea.gov/industry/Release/XLS/GDPxInd/ValueAdded.xlsx | https://www.bea.gov/data/gdp/gdp-industry | https://www.census.gov/topics/business-economy/manufacturing/data/annual-data.html | https://www.census.gov/programs-surveys/aies/about.html,
14,"Other services, except government",88,1119281,649382,1.5,$1.12T gross output; $0.65T value added (BEA 2025),Workforce Coordination and Service Operations,"Access, Intake, and Contracting",Lead Intake and Scheduling,Workforce and Labor Operations,Workforce Scheduling and Dispatch,Delivery and Service Execution,Field Service Execution,Finance and Revenue Operations,Billing and Payment Processing,Customer and Experience Operations,Customer Retention and Repeat Service,Lead Intake and Scheduling | Workforce Scheduling and Dispatch | Field Service Execution | Billing and Payment Processing | Customer Retention and Repeat Service,"Access, Intake, and Contracting | Workforce and Labor Operations | Delivery and Service Execution | Finance and Revenue Operations | Customer and Experience Operations",CRM | POS and Payments | HCM / Workforce Management | Service Management,Complete,,"Highly fragmented local-service model spanning repair, maintenance, membership, and personal services; economics rely on repeat demand, route/appointment density, and labor utilization.",Lead intake | Scheduling/dispatch | Field or appointment execution | Billing/payments | Retention and repeat-service management,ServiceTitan | Housecall Pro | Mindbody | Square | QuickBooks,Medium-Low: many subsectors remain SMB-heavy with limited workflow standardization.,Labor scarcity; inflation-sensitive consumer demand; fragmented local competition; digital discovery shifts; compliance burden for licensed trades.,Phone-first intake; paper/clipboard workflows; weak customer history; low dispatch optimization; poor cash-application discipline.,Low-Medium,https://apps.bea.gov/industry/Release/XLS/GDPxInd/GrossOutput.xlsx | https://apps.bea.gov/industry/Release/XLS/GDPxInd/ValueAdded.xlsx | https://www.bea.gov/data/gdp/gdp-industry | https://www.census.gov/programs-surveys/aies/about.html | https://www.census.gov/programs-surveys/sas/about.html,
15,"Securities, commodity contracts, and investments",57,1054815,466565,4.3,$1.05T gross output; $0.47T value added (BEA 2025),Capital Markets and Investment Management,"Access, Intake, and Contracting",Client Onboarding and KYC,Governance and Portfolio Operations,Portfolio and Order Management,Finance and Revenue Operations,Trade Execution and Settlement,"Risk, Compliance, and Reporting",Risk and Compliance Surveillance,Governance and Portfolio Operations,Investor Reporting and Performance,Client Onboarding and KYC | Portfolio and Order Management | Trade Execution and Settlement | Risk and Compliance Surveillance | Investor Reporting and Performance,"Access, Intake, and Contracting | Governance and Portfolio Operations | Finance and Revenue Operations | Risk, Compliance, and Reporting | Governance and Portfolio Operations",Portfolio and Order Management | Trading and Market Data | CRM | Investor Reporting and Performance,Complete,,"Transaction, custody, advisory, and asset-management fee model driven by AUM, trading volumes, spreads, and compliance.",Client onboarding/KYC | Portfolio and order management | Trade execution and settlement | Risk/compliance surveillance | Performance and investor reporting,Aladdin | Charles River | SimCorp | Bloomberg | SS&C Advent,"High in core front/middle/back-office platforms, with medium interoperability across custodians, admins, and analytics.",Fee compression; passive-product growth; market-structure complexity; surveillance/compliance load; demand for real-time reporting.,Manual reconciliation across custodians/admins; fragmented client data; exception-heavy compliance ops; spreadsheet shadow books.,High,https://apps.bea.gov/industry/Release/XLS/GDPxInd/GrossOutput.xlsx | https://apps.bea.gov/industry/Release/XLS/GDPxInd/ValueAdded.xlsx | https://www.bea.gov/data/gdp/gdp-industry | https://www.sec.gov/data-research/statistics-data-visualizations/registered-investment-companies-statistics | https://www.sec.gov/data-research/sec-markets-data/information-about-registered-investment-advisers-exempt-reporting-advisers,
16,Chemical products,32,1028861,577741,-0.1,$1.03T gross output; $0.58T value added (BEA 2025),Process Manufacturing and Throughput Control,Sourcing and Supply,Material Sourcing,Production and Asset Operations,Production Planning and Process Control,"Risk, Compliance, and Reporting","Quality, Safety, and Environmental Management",Delivery and Service Execution,Order Management and Fulfillment,Finance and Revenue Operations,Contract and Margin Management,"Material Sourcing | Production Planning and Process Control | Quality, Safety, and Environmental Management | Order Management and Fulfillment | Contract and Margin Management","Sourcing and Supply | Production and Asset Operations | Risk, Compliance, and Reporting | Delivery and Service Execution | Finance and Revenue Operations",ERP | Industrial Automation and SCADA | Manufacturing Execution System | Maintenance Management,Complete,,"Process manufacturing converting hydrocarbon/mineral feedstocks into bulk and specialty chemicals; economics hinge on capacity, safety, feedstock spread, and offtake reliability.",Feedstock procurement | Plant scheduling/process control | Quality/EHS management | Order fulfillment | Margin and contract management,SAP | Oracle | AspenTech | AVEVA | Emerson,"Medium-High: plant automation is strong, but enterprise planning and multi-site optimization are uneven.",Energy/feedstock volatility; emissions rules; geopolitical sourcing risk; customer destocking cycles; resilience requirements.,Siloed OT/IT data; manual planning overrides; maintenance downtime surprises; contract and margin leakage across SKUs/customers.,Medium-High,https://apps.bea.gov/industry/Release/XLS/GDPxInd/GrossOutput.xlsx | https://apps.bea.gov/industry/Release/XLS/GDPxInd/ValueAdded.xlsx | https://www.bea.gov/data/gdp/gdp-industry | https://www.census.gov/topics/business-economy/manufacturing/data/annual-data.html | https://www.eia.gov/energyexplained/use-of-energy/,
17,"Data processing, internet publishing, and other information services",53,986611,590506,17.9,$0.99T gross output; $0.59T value added (BEA 2025),Digital Platform and Subscription Operations,Planning and Allocation,Infrastructure Capacity Planning,"Product, Content, and Engineering",Product and Content Release Management,"Access, Intake, and Contracting",Customer Acquisition and Onboarding,Finance and Revenue Operations,Usage Billing and Monetization,"Risk, Compliance, and Reporting",Reliability and Security Operations,Infrastructure Capacity Planning | Product and Content Release Management | Customer Acquisition and Onboarding | Usage Billing and Monetization | Reliability and Security Operations,"Planning and Allocation | Product, Content, and Engineering | Access, Intake, and Contracting | Finance and Revenue Operations | Risk, Compliance, and Reporting",Cloud Infrastructure and IT Operations | CRM | Service Management | Billing and Subscription Management,Complete,,"Compute, hosting, platform, data, and digital-media model monetized through subscriptions, usage, advertising, and enterprise contracts.",Infrastructure capacity planning | Product/content deployment | Customer acquisition and onboarding | Usage/billing | Reliability/security operations,AWS | Microsoft Azure | Google Cloud | Salesforce | ServiceNow,"High in core infrastructure, with medium fragmentation across billing, identity, analytics, and support layers.",AI compute demand; cloud margin pressure; regulatory scrutiny on data/platform power; cybersecurity risk; energy intensity.,Shadow spend across clouds/SaaS; weak unit-economics attribution by workload; fragmented identity and customer telemetry.,Medium-High,https://apps.bea.gov/industry/Release/XLS/GDPxInd/GrossOutput.xlsx | https://apps.bea.gov/industry/Release/XLS/GDPxInd/ValueAdded.xlsx | https://www.bea.gov/data/gdp/gdp-industry | https://www.ntia.gov/topics/data-central | https://help.bdc.fcc.gov/hc/en-us/articles/13532984820379-What-s-on-the-National-Broadband-Map | https://www.census.gov/programs-surveys/aies/about.html,
18,Broadcasting and telecommunications,52,939444,506426,6.8,$0.94T gross output; $0.51T value added (BEA 2025),Network Infrastructure Operations,Planning and Allocation,Network Planning and Capital Management,Network and Transportation Operations,Service Provisioning and Activation,Delivery and Service Execution,Content and Service Operations,Finance and Revenue Operations,Billing and Collections,"Risk, Compliance, and Reporting",Outage and Regulatory Management,Network Planning and Capital Management | Service Provisioning and Activation | Content and Service Operations | Billing and Collections | Outage and Regulatory Management,"Planning and Allocation | Network and Transportation Operations | Delivery and Service Execution | Finance and Revenue Operations | Risk, Compliance, and Reporting",Network OSS/BSS | Billing and Subscription Management | CRM,Complete,,"Capital-intensive network and content-distribution model monetized through subscriptions, advertising, carriage, and enterprise connectivity.",Network planning and capex | Provisioning/service delivery | Content/programming operations | Billing and collections | Outage/compliance management,Amdocs | Oracle Communications | Netcracker | Ericsson | Nokia,"Medium-High: OSS/BSS stacks are established, but modernization and cross-network visibility remain difficult.",Broadband competition; spectrum/capex demands; streaming substitution; regulatory obligations; uptime expectations.,Legacy OSS/BSS duplication; order fallout between sales and provisioning; slow field dispatch; fragmented customer views.,Medium,https://apps.bea.gov/industry/Release/XLS/GDPxInd/GrossOutput.xlsx | https://apps.bea.gov/industry/Release/XLS/GDPxInd/ValueAdded.xlsx | https://www.bea.gov/data/gdp/gdp-industry | https://help.bdc.fcc.gov/hc/en-us/articles/13532984820379-What-s-on-the-National-Broadband-Map | https://www.ntia.gov/topics/data-central,
19,Management of companies and enterprises,70,928032,576771,-1.1,$0.93T gross output; $0.58T value added (BEA 2025),Enterprise Governance and Shared Services,Governance and Portfolio Operations,Capital Allocation and Planning,Governance and Portfolio Operations,Financial Consolidation,Governance and Portfolio Operations,Governance and Risk Review,Governance and Portfolio Operations,Shared Service Operations,Governance and Portfolio Operations,Performance Management,Capital Allocation and Planning | Financial Consolidation | Governance and Risk Review | Shared Service Operations | Performance Management,Governance and Portfolio Operations | Governance and Portfolio Operations | Governance and Portfolio Operations | Governance and Portfolio Operations | Governance and Portfolio Operations,EPM and Financial Consolidation | ERP | HCM / Workforce Management | Service Management,Complete,,"Centralized corporate-oversight model allocating capital, governance, talent, policy, and shared services across subsidiaries.",Capital allocation and planning | Financial consolidation | Governance/risk review | Shared-service operations | Performance management,Workday | Oracle EPM | SAP | Anaplan | ServiceNow,"Medium-High: consolidation/planning tools are mature, but decision workflows often still rely on decks, email, and spreadsheet cycles.",Portfolio complexity; activist/board scrutiny; rising compliance burden; shared-service efficiency pressure; cyber/governance exposure.,Slow close and forecast cycles; multiple versions of truth across subsidiaries; manual board/reporting assembly.,Medium,https://apps.bea.gov/industry/Release/XLS/GDPxInd/GrossOutput.xlsx | https://apps.bea.gov/industry/Release/XLS/GDPxInd/ValueAdded.xlsx | https://www.bea.gov/data/gdp/gdp-industry | https://www.census.gov/programs-surveys/aies/about.html | https://www.census.gov/programs-surveys/sas/about.html,
20,Computer systems design and related services,68,779478,553797,13.1,$0.78T gross output; $0.55T value added (BEA 2025),Professional Services and Matter Management,"Access, Intake, and Contracting",Lead and Proposal Management,Workforce and Labor Operations,Staffing and Capacity Planning,Delivery and Service Execution,Project Delivery,Finance and Revenue Operations,Time and Expense Capture,Customer and Experience Operations,Renewal and Account Expansion,Lead and Proposal Management | Staffing and Capacity Planning | Project Delivery | Time and Expense Capture | Renewal and Account Expansion,"Access, Intake, and Contracting | Workforce and Labor Operations | Delivery and Service Execution | Finance and Revenue Operations | Customer and Experience Operations",CRM | HCM / Workforce Management | Professional Services Automation | Service Management,Complete,,"Project and managed-services model for IT integration, engineering, and implementation work; economics rely on utilization, bill rates, renewals, and reusable IP.",Pipeline/proposal management | Resource staffing | Delivery/project management | Time and expense capture | Renewal and account expansion,Salesforce | Workday | ServiceNow | Jira | Deltek,"Medium-High: delivery tooling is good, but staffing, margin visibility, and knowledge reuse often lag.",Client cloud/AI transformation demand; offshore competition; utilization pressure; talent cost inflation; outcome-based contracting.,Poor bench visibility; handoff gaps from sales to delivery; manual margin reconciliation; repeated solution design work.,Medium-High,https://apps.bea.gov/industry/Release/XLS/GDPxInd/GrossOutput.xlsx | https://apps.bea.gov/industry/Release/XLS/GDPxInd/ValueAdded.xlsx | https://www.bea.gov/data/gdp/gdp-industry | https://www.census.gov/programs-surveys/aies/about.html | https://www.census.gov/programs-surveys/sas/about.html,
21,"Motor vehicles, bodies and trailers, and parts",21,774687,183970,9.3,$0.77T gross output; $0.18T value added (BEA 2025),Product Manufacturing and Lifecycle Operations,Planning and Allocation,Program and Platform Planning,Sourcing and Supply,Supplier Scheduling and Procurement,Production and Asset Operations,Shop Floor Execution and Quality Management,Delivery and Service Execution,Logistics and Channel Fulfillment,Customer and Experience Operations,Aftermarket Service and Field Support,Program and Platform Planning | Supplier Scheduling and Procurement | Shop Floor Execution and Quality Management | Logistics and Channel Fulfillment | Aftermarket Service and Field Support,Planning and Allocation | Sourcing and Supply | Production and Asset Operations | Delivery and Service Execution | Customer and Experience Operations,ERP | PLM and Engineering Design | Manufacturing Execution System | Supply Chain Planning,Complete,,"Discrete manufacturing and supply-chain orchestration around vehicle platforms, component quality, dealer delivery, and aftersales service.",Platform/program planning | Supplier scheduling and procurement | Plant execution and quality | Logistics to dealers/OEMs | Warranty/service feedback loops,SAP | Oracle | Siemens Teamcenter | Dassault 3DEXPERIENCE | Plex,"Medium-High: engineering and plant systems are mature, but tiered supplier coordination remains complex.",EV transition; battery/localization demands; supplier fragility; warranty quality pressure; cyclic end demand.,Tier-n visibility gaps; change-management friction across PLM/ERP/MES; quality data silos; inventory buffers hiding planning errors.,Medium-High,https://apps.bea.gov/industry/Release/XLS/GDPxInd/GrossOutput.xlsx | https://apps.bea.gov/industry/Release/XLS/GDPxInd/ValueAdded.xlsx | https://www.bea.gov/data/gdp/gdp-industry | https://www.census.gov/topics/business-economy/manufacturing/data/annual-data.html | https://www.census.gov/programs-surveys/aies/about.html,
22,"Publishing industries, except internet (includes software)",50,723067,479094,20.3,$0.72T gross output; $0.48T value added (BEA 2025),"IP, Subscription, and Rights Management","Product, Content, and Engineering",Product and Content Development,Finance and Revenue Operations,Subscription and License Management,"Product, Content, and Engineering",Distribution and Release Management,Customer and Experience Operations,Customer Support and Success,Finance and Revenue Operations,Billing and Renewals,Product and Content Development | Subscription and License Management | Distribution and Release Management | Customer Support and Success | Billing and Renewals,"Product, Content, and Engineering | Finance and Revenue Operations | Product, Content, and Engineering | Customer and Experience Operations | Finance and Revenue Operations",CRM | Billing and Subscription Management | ERP | Service Management,Complete,,"IP and subscription/licensing model across software, professional information, books, and periodicals; economics driven by recurring revenue, retention, and rights leverage.",Product/content development | Licensing/subscription management | Release/distribution | Customer support and success | Billing and renewals,Salesforce | Zuora | NetSuite | Adobe Experience Cloud | Atlassian,"High in product and billing layers, medium in cross-functional revenue intelligence and entitlement management.",Platform/channel dependence; AI search disruption; piracy/IP protection; bundle competition; renewal pressure.,Fragmented entitlement data; weak usage-to-renewal visibility; manual contract exceptions; siloed product/support telemetry.,Medium,https://apps.bea.gov/industry/Release/XLS/GDPxInd/GrossOutput.xlsx | https://apps.bea.gov/industry/Release/XLS/GDPxInd/ValueAdded.xlsx | https://www.bea.gov/data/gdp/gdp-industry | https://www.census.gov/programs-surveys/aies/about.html | https://www.ntia.gov/topics/data-central,
23,Rental and leasing services and lessors of intangible assets,64,699872,384338,-1.8,$0.70T gross output; $0.38T value added (BEA 2025),Asset Utilization and Lease Management,Planning and Allocation,Asset Acquisition and Setup,"Access, Intake, and Contracting",Reservation and Contract Management,Delivery and Service Execution,Dispatch and Checkout,Production and Asset Operations,Asset Maintenance and Turnover,Finance and Revenue Operations,Billing and Asset Recovery,Asset Acquisition and Setup | Reservation and Contract Management | Dispatch and Checkout | Asset Maintenance and Turnover | Billing and Asset Recovery,"Planning and Allocation | Access, Intake, and Contracting | Delivery and Service Execution | Production and Asset Operations | Finance and Revenue Operations",Rental Operations Management | Maintenance Management | ERP,Complete,,"Asset-rental and rights-licensing model monetizing utilization, term yield, maintenance, and contract discipline across fleets, equipment, venues, and IP.",Asset acquisition and setup | Reservation/contracting | Dispatch/checkout | Maintenance/turnover | Billing and asset recovery,Oracle | SAP | AssetWorks | LeaseQuery | NetSuite,"Medium: core asset/accounting tools are mature, but utilization optimization and field-service integration are uneven.",Capex and financing costs; utilization pressure; theft/loss risk; contract complexity; lifecycle maintenance costs.,Low asset visibility; manual contract changes; disconnected maintenance and billing; residual-value leakage.,Medium,https://apps.bea.gov/industry/Release/XLS/GDPxInd/GrossOutput.xlsx | https://apps.bea.gov/industry/Release/XLS/GDPxInd/ValueAdded.xlsx | https://www.bea.gov/data/gdp/gdp-industry | https://www.census.gov/programs-surveys/aies/about.html | https://www.census.gov/programs-surveys/sas/about.html,
24,Utilities,10,691040,471246,-0.9,$0.69T gross output; $0.47T value added (BEA 2025),Network Infrastructure Operations,Network and Transportation Operations,Load Forecasting and Dispatch,Production and Asset Operations,Asset Maintenance and Outage Management,Finance and Revenue Operations,Meter-to-Cash,Governance and Portfolio Operations,Capital Planning and Compliance Reporting,Customer and Experience Operations,Customer Service and Field Response,Load Forecasting and Dispatch | Asset Maintenance and Outage Management | Meter-to-Cash | Capital Planning and Compliance Reporting | Customer Service and Field Response,Network and Transportation Operations | Production and Asset Operations | Finance and Revenue Operations | Governance and Portfolio Operations | Customer and Experience Operations,Utility Operations and Billing | Maintenance Management | Industrial Automation and SCADA | ERP,Complete,,"Regulated network-utility model monetizing generation/procurement, transmission, distribution, and service reliability.",Load forecasting and dispatch | Asset maintenance/outage management | Meter-to-cash | Capital planning and regulatory reporting | Customer service and field response,Oracle Utilities | SAP | Siemens | GE Vernova | Schneider Electric,"Medium-High: core grid and billing systems are mature, but distributed-energy orchestration and data integration remain difficult.",Grid hardening; electrification load growth; wildfire/weather risk; rate-case scrutiny; distributed energy integration.,Aging asset data; manual outage workflows; billing exceptions; limited end-to-end visibility from field devices to customer systems.,High,https://apps.bea.gov/industry/Release/XLS/GDPxInd/GrossOutput.xlsx | https://apps.bea.gov/industry/Release/XLS/GDPxInd/ValueAdded.xlsx | https://www.bea.gov/data/gdp/gdp-industry | https://www.eia.gov/energyexplained/electricity/use-of-electricity.php | https://www.eia.gov/energyexplained/electricity/delivery-to-consumers.php,
25,Petroleum and coal products,31,589695,161002,7.3,$0.59T gross output; $0.16T value added (BEA 2025),Process Manufacturing and Throughput Control,Sourcing and Supply,Material Sourcing,Production and Asset Operations,Production Planning and Process Control,Production and Asset Operations,Maintenance and Turnaround Management,Delivery and Service Execution,"Blending, Logistics, and Distribution","Risk, Compliance, and Reporting","Margin, Safety, and Emissions Reporting","Material Sourcing | Production Planning and Process Control | Maintenance and Turnaround Management | Blending, Logistics, and Distribution | Margin, Safety, and Emissions Reporting","Sourcing and Supply | Production and Asset Operations | Production and Asset Operations | Delivery and Service Execution | Risk, Compliance, and Reporting",ERP | Industrial Automation and SCADA | Maintenance Management | Supply Chain Planning,Complete,,"Refining and processing model converting crude/feedstocks into fuels and industrial products; economics depend on crack spreads, throughput, reliability, and compliance.","Feedstock sourcing | Refinery planning and process control | Maintenance/turnarounds | Product blending/logistics | Margin, safety, and emissions reporting",SAP | AspenTech | AVEVA | Honeywell | Emerson,"Medium-High: process control is mature, but margin optimization and cross-site data flow remain challenging.",Energy transition; emissions rules; feedstock spread volatility; turnaround risk; geopolitical supply shocks.,"OT/IT silos; complex planning spreadsheets; maintenance surprises; slow reconciliation of yields, losses, and product margins.",High,https://apps.bea.gov/industry/Release/XLS/GDPxInd/GrossOutput.xlsx | https://apps.bea.gov/industry/Release/XLS/GDPxInd/ValueAdded.xlsx | https://www.bea.gov/data/gdp/gdp-industry | https://www.eia.gov/energyexplained/oil-and-petroleum-products/refining-crude-oil-the-refining-process.php | https://www.eia.gov/petroleum/refinerycapacity/index.php,
26,Farms,4,575221,220747,-1.9,$0.58T gross output; $0.22T value added (BEA 2025),Field Production and Resource Extraction,Planning and Allocation,Production Planning,Sourcing and Supply,Input Sourcing and Procurement,Production and Asset Operations,Field Operations,Delivery and Service Execution,Harvest and Logistics Management,Finance and Revenue Operations,"Marketing, Hedging, and Program Reporting","Production Planning | Input Sourcing and Procurement | Field Operations | Harvest and Logistics Management | Marketing, Hedging, and Program Reporting",Planning and Allocation | Sourcing and Supply | Production and Asset Operations | Delivery and Service Execution | Finance and Revenue Operations,Farm Management Platform | Precision Agriculture and Telematics,Complete,,"Commodity production model converting land, labor, feed, fertilizer, and equipment into crop/livestock output under weather and price risk.",Planting/breeding planning | Input procurement | Field/livestock operations | Harvest/feed logistics | Marketing/hedging and program reporting,John Deere Operations Center | Climate FieldView | Granular | AgLeader | Trimble Agriculture,"Medium: precision tools are improving, but broad farm digitization is still fragmented by crop, farm size, and connectivity.",Weather volatility; input costs; trade/tariff shifts; labor scarcity; financing and insurance pressure.,"Disconnected agronomic, financial, and equipment data; manual compliance reporting; weak cost-to-field attribution.",High,https://apps.bea.gov/industry/Release/XLS/GDPxInd/GrossOutput.xlsx | https://apps.bea.gov/industry/Release/XLS/GDPxInd/ValueAdded.xlsx | https://www.bea.gov/data/gdp/gdp-industry | https://www.ers.usda.gov/data-products/ag-and-food-statistics-charting-the-essentials/ag-and-food-sectors-and-the-economy | https://www.ers.usda.gov/data-products/ag-and-food-statistics-charting-the-essentials/farming-and-farm-income,
27,Motor vehicle and parts dealers,36,573349,371676,11.3,$0.57T gross output; $0.37T value added (BEA 2025),Retail and Service Commerce,Planning and Allocation,Inventory Sourcing and Aging Management,"Access, Intake, and Contracting",Lead Management and Sales,Finance and Revenue Operations,Financing and Underwriting,Customer and Experience Operations,Service Scheduling and Parts Management,Customer and Experience Operations,Customer Retention and Remarketing,Inventory Sourcing and Aging Management | Lead Management and Sales | Financing and Underwriting | Service Scheduling and Parts Management | Customer Retention and Remarketing,"Planning and Allocation | Access, Intake, and Contracting | Finance and Revenue Operations | Customer and Experience Operations | Customer and Experience Operations",Dealership Management System | CRM | Loan Origination and Servicing | Maintenance Management,Complete,,"Inventory-backed retail and service model monetizing vehicle sales, F&I, parts, and aftersales service.",Inventory sourcing/aging management | Lead handling and sales | F&I underwriting | Service scheduling and parts | Customer retention and remarketing,CDK Global | Reynolds and Reynolds | Cox Automotive | Dealertrack | Tekion,"Medium-High: DMS stacks are mature, but retailing, service, and OEM data remain fractured.",OEM inventory normalization; EV service transition; interest-rate sensitivity; F&I scrutiny; used-vehicle price volatility.,Lead leakage across CRM/DMS; service-lane bottlenecks; parts obsolescence; manual document workflows.,Medium-High,https://apps.bea.gov/industry/Release/XLS/GDPxInd/GrossOutput.xlsx | https://apps.bea.gov/industry/Release/XLS/GDPxInd/ValueAdded.xlsx | https://www.bea.gov/data/gdp/gdp-industry | https://www.census.gov/retail/mrts/about_the_surveys.html,
28,Truck transportation,44,541394,262528,3.6,$0.54T gross output; $0.26T value added (BEA 2025),Transportation Network Operations,Network and Transportation Operations,Capacity and Load Planning,Network and Transportation Operations,Dispatch and Routing,"Risk, Compliance, and Reporting",Driver Safety and Compliance,Network and Transportation Operations,In-Transit Visibility and Proof of Delivery,Finance and Revenue Operations,Freight Audit and Billing,Capacity and Load Planning | Dispatch and Routing | Driver Safety and Compliance | In-Transit Visibility and Proof of Delivery | Freight Audit and Billing,"Network and Transportation Operations | Network and Transportation Operations | Risk, Compliance, and Reporting | Network and Transportation Operations | Finance and Revenue Operations",Transportation Management System | Fleet Telematics and Visibility | ERP,Complete,,"Asset- and labor-intensive linehaul model monetizing capacity, route density, trailer turns, and fuel recovery.",Load planning | Dispatch and routing | Driver compliance | Tracking/proof-of-delivery | Freight audit and billing,Samsara | Trimble Transportation | McLeod | Descartes | Oracle Transportation Management,"Medium-High: telematics and TMS adoption are strong, but broker-carrier-shipper coordination is still fragmented.",Freight-rate cycles; driver shortages; insurance costs; fuel volatility; shipper visibility expectations.,Empty miles; manual appointment changes; detention disputes; fragmented carrier/broker communications; slow cash application.,High,https://apps.bea.gov/industry/Release/XLS/GDPxInd/GrossOutput.xlsx | https://apps.bea.gov/industry/Release/XLS/GDPxInd/ValueAdded.xlsx | https://www.bea.gov/data/gdp/gdp-industry | https://www.bts.gov/topics/transportation-and-economy | https://data.bts.gov/Research-and-Statistics/Transportation-Economic-Trends-TET-data/tcq5-4pgu,
29,Legal services,67,525319,421874,-3.7,$0.53T gross output; $0.42T value added (BEA 2025),Professional Services and Matter Management,"Access, Intake, and Contracting",Matter Intake and Conflict Review,Workforce and Labor Operations,Staffing and Task Management,"Product, Content, and Engineering",Document and Knowledge Management,Finance and Revenue Operations,Time and Expense Capture,"Risk, Compliance, and Reporting",Docketing and Compliance Tracking,Matter Intake and Conflict Review | Staffing and Task Management | Document and Knowledge Management | Time and Expense Capture | Docketing and Compliance Tracking,"Access, Intake, and Contracting | Workforce and Labor Operations | Product, Content, and Engineering | Finance and Revenue Operations | Risk, Compliance, and Reporting",Document Management | Practice Management and Billing | CRM,Complete,,"Professional-services model monetizing matters, retainers, billable hours, and outcome-based specialty work.",Matter intake and conflicts | Staffing and tasking | Document/work-product management | Time capture and billing | Docketing/compliance tracking,iManage | NetDocuments | Thomson Reuters Elite | Clio | Litera,"Medium: document and billing tools are established, but workflow automation and knowledge reuse remain uneven.",Rate pressure from clients; AI-assisted drafting; alternative legal service providers; compliance and privacy demands.,Manual matter setup; poor knowledge retrieval; delayed time capture; fragmented outside-counsel reporting.,Medium,https://apps.bea.gov/industry/Release/XLS/GDPxInd/GrossOutput.xlsx | https://apps.bea.gov/industry/Release/XLS/GDPxInd/ValueAdded.xlsx | https://www.bea.gov/data/gdp/gdp-industry | https://www.census.gov/programs-surveys/aies/about.html | https://www.census.gov/programs-surveys/sas/about.html,
30,Educational services,75,519889,347194,-0.5,$0.52T gross output; $0.35T value added (BEA 2025),Education Delivery and Administration,"Access, Intake, and Contracting",Admissions and Enrollment,Workforce and Labor Operations,Scheduling and Staffing,Delivery and Service Execution,Instruction Delivery,Customer and Experience Operations,Student Service and Retention Management,Finance and Revenue Operations,"Billing, Aid, and Regulatory Reporting","Admissions and Enrollment | Scheduling and Staffing | Instruction Delivery | Student Service and Retention Management | Billing, Aid, and Regulatory Reporting","Access, Intake, and Contracting | Workforce and Labor Operations | Delivery and Service Execution | Customer and Experience Operations | Finance and Revenue Operations",Student Information System | Learning Management System | HCM / Workforce Management | ERP,Complete,,"Tuition- and funding-backed instruction model driven by enrollment, completion, staffing, facilities, and regulatory reporting.",Admissions/enrollment | Scheduling and staffing | Instruction delivery | Student services/retention | Billing/aid and reporting,Ellucian | PowerSchool | Canvas | Workday Student | Blackboard,"Medium: SIS/LMS adoption is broad, but data remains fragmented across academic, financial, and advising workflows.",Demographic enrollment pressure; tuition affordability; online competition; staffing shortages; accountability/reporting demands.,Manual advising handoffs; disconnected SIS/LMS/finance data; low visibility into intervention effectiveness; heavy reporting burden.,Medium-High,https://apps.bea.gov/industry/Release/XLS/GDPxInd/GrossOutput.xlsx | https://apps.bea.gov/industry/Release/XLS/GDPxInd/ValueAdded.xlsx | https://www.bea.gov/data/gdp/gdp-industry | https://nces.ed.gov/programs/digest/index.asp,
31,Fabricated metal products,17,467454,192851,1.7,$0.47T gross output; $0.19T value added (BEA 2025),Product Manufacturing and Lifecycle Operations,"Access, Intake, and Contracting",Estimating and Quotation,Planning and Allocation,Production Planning,Production and Asset Operations,Shop Floor Execution and Quality Management,"Risk, Compliance, and Reporting",Quality Inspection and Certification,Finance and Revenue Operations,Shipping and Invoice Reconciliation,Estimating and Quotation | Production Planning | Shop Floor Execution and Quality Management | Quality Inspection and Certification | Shipping and Invoice Reconciliation,"Access, Intake, and Contracting | Planning and Allocation | Production and Asset Operations | Risk, Compliance, and Reporting | Finance and Revenue Operations",ERP | Manufacturing Execution System | Shop Floor Control and Quality,Complete,,"Discrete manufacturing of engineered metal components; economics depend on quoting accuracy, machine utilization, scrap control, and on-time delivery.",RFQ/estimating | Production planning | Shop-floor execution | Quality inspection | Shipping and invoice reconciliation,Epicor | Infor | SAP | Plex | JobBOSS,"Medium: strong ERP/MES options exist, but many firms remain fragmented across machines, QC, and scheduling.",Energy/material cost swings; reshoring demand; labor scarcity; OEM quality requirements; shorter lead-time expectations.,Spreadsheet scheduling; poor WIP visibility; quoting drift; manual quality paperwork; slow root-cause loops.,Medium,https://apps.bea.gov/industry/Release/XLS/GDPxInd/GrossOutput.xlsx | https://apps.bea.gov/industry/Release/XLS/GDPxInd/ValueAdded.xlsx | https://www.bea.gov/data/gdp/gdp-industry | https://www.census.gov/topics/business-economy/manufacturing/data/annual-data.html | https://www.census.gov/programs-surveys/aies/about.html,
32,Oil and gas extraction,7,454559,231439,-1.6,$0.45T gross output; $0.23T value added (BEA 2025),Field Production and Resource Extraction,Planning and Allocation,Asset and Reserve Evaluation,Planning and Allocation,Field Development Planning,Production and Asset Operations,Production Operations,Network and Transportation Operations,Midstream Coordination,Finance and Revenue Operations,Revenue and Regulatory Reporting,Asset and Reserve Evaluation | Field Development Planning | Production Operations | Midstream Coordination | Revenue and Regulatory Reporting,Planning and Allocation | Planning and Allocation | Production and Asset Operations | Network and Transportation Operations | Finance and Revenue Operations,Upstream Energy Management | Production Accounting and Regulatory | Geoscience and Reservoir Management | ERP,Complete,,"Reservoir development and production model monetizing hydrocarbon output; economics hinge on acreage quality, drilling/completion efficiency, and realized pricing.",Lease/geology evaluation | Drilling and completion planning | Production operations | Midstream coordination | Revenue and regulatory reporting,Enverus | SLB Delfi | Halliburton Landmark | SAP | Quorum,"Medium-High: subsurface and field systems are strong, but cross-operator data and manual reporting remain common.",Commodity-price volatility; methane/emissions scrutiny; service-cost inflation; acreage quality depletion; capital discipline.,Disconnected field and accounting data; manual land/regulatory workflows; production/revenue reconciliation friction.,High,https://apps.bea.gov/industry/Release/XLS/GDPxInd/GrossOutput.xlsx | https://apps.bea.gov/industry/Release/XLS/GDPxInd/ValueAdded.xlsx | https://www.bea.gov/data/gdp/gdp-industry | https://www.eia.gov/energyexplained/natural-gas/index.php | https://www.eia.gov/energyexplained/natural-gas/data-and-statistics.php,
33,Machinery,18,448315,205135,-0.5,$0.45T gross output; $0.21T value added (BEA 2025),Product Manufacturing and Lifecycle Operations,"Product, Content, and Engineering",Product and Engineering Configuration,Sourcing and Supply,Supplier Scheduling and Procurement,Production and Asset Operations,Assembly and Test,Delivery and Service Execution,Logistics and Channel Fulfillment,Customer and Experience Operations,Aftermarket Service and Field Support,Product and Engineering Configuration | Supplier Scheduling and Procurement | Assembly and Test | Logistics and Channel Fulfillment | Aftermarket Service and Field Support,"Product, Content, and Engineering | Sourcing and Supply | Production and Asset Operations | Delivery and Service Execution | Customer and Experience Operations",ERP | PLM and Engineering Design | Manufacturing Execution System | Maintenance Management,Complete,,"Discrete manufacturing of industrial equipment; economics run through order backlog, engineering reuse, supplier performance, and aftermarket revenue.",Product configuration/engineering | Supplier scheduling | Assembly and test | Dealer/OEM logistics | Service parts and field support,SAP | Oracle | Siemens Teamcenter | PTC Windchill | Rockwell FactoryTalk,"Medium-High: PLM/ERP layers are mature, but configure-to-order and service data are often disconnected.",Capex cycles; supplier reliability; automation demand; product complexity; service-margin expectations.,BOM/version errors; engineering-to-production handoff friction; spare-parts forecasting gaps; field-service feedback not reused well.,Medium,https://apps.bea.gov/industry/Release/XLS/GDPxInd/GrossOutput.xlsx | https://apps.bea.gov/industry/Release/XLS/GDPxInd/ValueAdded.xlsx | https://www.bea.gov/data/gdp/gdp-industry | https://www.census.gov/topics/business-economy/manufacturing/data/annual-data.html | https://www.census.gov/programs-surveys/aies/about.html,
34,Other transportation equipment,22,438121,210259,12.4,$0.44T gross output; $0.21T value added (BEA 2025),Product Manufacturing and Lifecycle Operations,Planning and Allocation,Program and Platform Planning,Sourcing and Supply,Supplier Coordination and Compliance,Production and Asset Operations,"Assembly, Test, and Certification",Delivery and Service Execution,Delivery and Contract Milestone Management,Customer and Experience Operations,Aftermarket Service and Field Support,"Program and Platform Planning | Supplier Coordination and Compliance | Assembly, Test, and Certification | Delivery and Contract Milestone Management | Aftermarket Service and Field Support",Planning and Allocation | Sourcing and Supply | Production and Asset Operations | Delivery and Service Execution | Customer and Experience Operations,ERP | PLM and Engineering Design | Project and Construction Management,Complete,,"Program-based manufacturing of aerospace, rail, marine, and defense transport systems; economics depend on certification, quality, schedule, and long-cycle contracts.",Program planning | Supplier and compliance management | Assembly/test/certification | Delivery and contract milestones | Aftermarket/service support,SAP | Oracle | Dassault 3DEXPERIENCE | Siemens Teamcenter | IFS,"Medium-High: engineering and program systems are strong, but supplier and documentation complexity remain large.",Defense/aviation demand shifts; certification burden; supply-chain fragility; cost overruns; workforce specialization shortages.,Document-control bottlenecks; slow nonconformance closure; multi-tier supplier visibility gaps; milestone billing complexity.,Medium,https://apps.bea.gov/industry/Release/XLS/GDPxInd/GrossOutput.xlsx | https://apps.bea.gov/industry/Release/XLS/GDPxInd/ValueAdded.xlsx | https://www.bea.gov/data/gdp/gdp-industry | https://www.census.gov/topics/business-economy/manufacturing/data/annual-data.html | https://www.bts.gov/topics/transportation-and-economy,
35,Computer and electronic products,19,433852,318028,-2.1,$0.43T gross output; $0.32T value added (BEA 2025),Product Manufacturing and Lifecycle Operations,Planning and Allocation,Demand and Allocation Planning,"Product, Content, and Engineering",Engineering Change Management,Production and Asset Operations,Shop Floor Execution and Quality Management,"Risk, Compliance, and Reporting",Quality and Traceability Management,Delivery and Service Execution,Logistics and Channel Fulfillment,Demand and Allocation Planning | Engineering Change Management | Shop Floor Execution and Quality Management | Quality and Traceability Management | Logistics and Channel Fulfillment,"Planning and Allocation | Product, Content, and Engineering | Production and Asset Operations | Risk, Compliance, and Reporting | Delivery and Service Execution",ERP | PLM and Engineering Design | Manufacturing Execution System | Supply Chain Planning,Complete,,"High-mix manufacturing of chips, boards, devices, and components; economics hinge on yield, cycle time, capex intensity, and supplier/customer concentration.",Demand and allocation planning | Engineering change control | Fab/assembly/test execution | Quality and traceability | Channel/OEM fulfillment,SAP | Oracle | Siemens Opcenter | Cadence | Synopsys,"High in technical production environments, medium in end-to-end commercial and supply-chain integration.",Semiconductor geopolitics; rapid product cycles; customer concentration; capex burden; inventory whiplash.,Engineering/version mismatches; constrained component visibility; excess-expedite costs; fragmented traceability across tiers.,Medium-High,https://apps.bea.gov/industry/Release/XLS/GDPxInd/GrossOutput.xlsx | https://apps.bea.gov/industry/Release/XLS/GDPxInd/ValueAdded.xlsx | https://www.bea.gov/data/gdp/gdp-industry | https://www.census.gov/topics/business-economy/manufacturing/data/annual-data.html | https://www.census.gov/programs-surveys/aies/about.html,
36,Accommodation,86,385288,269545,3.4,$0.39T gross output; $0.27T value added (BEA 2025),"Venue, Hospitality, and Attendance Operations","Access, Intake, and Contracting",Reservation and Distribution Management,Planning and Allocation,Revenue Management,Delivery and Service Execution,Front Desk and Housekeeping Operations,Customer and Experience Operations,Maintenance and Guest Service,Finance and Revenue Operations,Night Audit and Owner Reporting,Reservation and Distribution Management | Revenue Management | Front Desk and Housekeeping Operations | Maintenance and Guest Service | Night Audit and Owner Reporting,"Access, Intake, and Contracting | Planning and Allocation | Delivery and Service Execution | Customer and Experience Operations | Finance and Revenue Operations",Property Management System | Reservation and Distribution System | Revenue Management Platform | ERP,Complete,,"Occupancy-driven lodging model monetizing room nights, group/event demand, ancillaries, and revenue management.",Distribution and reservations | Revenue management | Front-desk/housekeeping operations | Maintenance and guest service | Night audit and owner reporting,Oracle OPERA | Amadeus | Mews | Infor HMS | Cloudbeds,"Medium-High: PMS/CRS tools are mature, but labor, maintenance, and owner-operator data are still fragmented.",Travel-demand cyclicality; OTA power; labor shortages; property insurance/capex needs; guest-experience expectations.,Channel-management errors; housekeeping coordination friction; maintenance backlog visibility gaps; manual group/event reconciliation.,Medium-High,https://apps.bea.gov/industry/Release/XLS/GDPxInd/GrossOutput.xlsx | https://apps.bea.gov/industry/Release/XLS/GDPxInd/ValueAdded.xlsx | https://www.bea.gov/data/gdp/gdp-industry | https://www.census.gov/retail/mrts/about_the_surveys.html | https://www.census.gov/programs-surveys/aies/about.html,
37,Nursing and residential care facilities,79,374918,227413,2.2,$0.37T gross output; $0.23T value added (BEA 2025),Care Delivery and Reimbursement,"Access, Intake, and Contracting","Access, Admissions, and Throughput Management",Workforce and Labor Operations,Workforce Scheduling,Clinical and Case Operations,Clinical Documentation,Clinical and Case Operations,Medication and Compliance Management,Finance and Revenue Operations,"Billing, Claims, and Collections","Access, Admissions, and Throughput Management | Workforce Scheduling | Clinical Documentation | Medication and Compliance Management | Billing, Claims, and Collections","Access, Intake, and Contracting | Workforce and Labor Operations | Clinical and Case Operations | Clinical and Case Operations | Finance and Revenue Operations",EHR and Care Management | Revenue Cycle Management | HCM / Workforce Management,Complete,,"Occupancy and reimbursement model for long-term and post-acute care; economics depend on staffing, acuity, compliance, and collections.",Admissions and census management | Care staffing | Clinical documentation | Medication/compliance workflows | Billing and payer collections,PointClickCare | MatrixCare | Netsmart | WellSky | Epic,"Medium: core care platforms are common, but staffing and reimbursement workflows remain fragile.",Caregiver shortages; reimbursement pressure; survey/compliance risk; rising acuity; occupancy mix shifts.,Manual staffing adjustments; disconnected clinical/financial data; claim denials; cumbersome handoffs with hospitals and families.,High,https://apps.bea.gov/industry/Release/XLS/GDPxInd/GrossOutput.xlsx | https://apps.bea.gov/industry/Release/XLS/GDPxInd/ValueAdded.xlsx | https://www.bea.gov/data/gdp/gdp-industry | https://www.cms.gov/data-research/statistics-trends-and-reports/national-health-expenditure-data/nhe-fact-sheet | https://www.cms.gov/data-research/statistics-trends-and-reports/national-health-expenditure-data/historical,
38,Social assistance,80,373362,249466,0.3,$0.37T gross output; $0.25T value added (BEA 2025),Case Management and Program Administration,"Access, Intake, and Contracting",Intake and Eligibility Determination,Clinical and Case Operations,Case Planning,Clinical and Case Operations,Service Delivery and Referral Coordination,"Risk, Compliance, and Reporting",Documentation and Compliance Management,Finance and Revenue Operations,"Billing, Grant Reporting, and Reimbursement","Intake and Eligibility Determination | Case Planning | Service Delivery and Referral Coordination | Documentation and Compliance Management | Billing, Grant Reporting, and Reimbursement","Access, Intake, and Contracting | Clinical and Case Operations | Clinical and Case Operations | Risk, Compliance, and Reporting | Finance and Revenue Operations",Case Management System | CRM | Grant and Program Reporting | Referral Management,Complete,,"Case- and program-based human-services model funded by government, payers, and philanthropy; economics depend on caseload, staffing, compliance, and reimbursement/contract discipline.",Intake and eligibility | Case planning | Service delivery and referrals | Documentation/compliance | Billing/grant reporting,Netsmart | WellSky | Salesforce | Eccovia | Apricot,Medium-Low: many providers remain dependent on fragmented nonprofit/public-sector tooling and manual casework.,Funding uncertainty; rising caseload complexity; workforce burnout; reporting burden; cross-agency coordination needs.,Repeated client intake; poor referral tracking; grant/reporting duplication; limited outcome visibility across programs.,Medium,https://apps.bea.gov/industry/Release/XLS/GDPxInd/GrossOutput.xlsx | https://apps.bea.gov/industry/Release/XLS/GDPxInd/ValueAdded.xlsx | https://www.bea.gov/data/gdp/gdp-industry | https://www.cms.gov/data-research/statistics-trends-and-reports/national-health-expenditure-data/historical | https://www.census.gov/programs-surveys/aies/about.html,
39,Other transportation and support activities,47,365801,226000,12.4,$0.37T gross output; $0.23T value added (BEA 2025),Transportation Network Operations,"Access, Intake, and Contracting",Load Intake and Booking,Network and Transportation Operations,Carrier Coordination and Brokerage,Network and Transportation Operations,Terminal and Yard Operations,Network and Transportation Operations,Exception Management,Finance and Revenue Operations,Freight Audit and Settlement,Load Intake and Booking | Carrier Coordination and Brokerage | Terminal and Yard Operations | Exception Management | Freight Audit and Settlement,"Access, Intake, and Contracting | Network and Transportation Operations | Network and Transportation Operations | Network and Transportation Operations | Finance and Revenue Operations",Transportation Management System | Fleet Telematics and Visibility | ERP,Complete,,"Intermediation and network-support model across freight brokerage, forwarding, terminals, and transport coordination; economics depend on utilization, routing, and exception handling.",Load/booking intake | Carrier/vendor coordination | Terminal/yard execution | Exception tracking | Freight audit and settlement,Descartes | CargoWise | McLeod | Oracle Transportation Management | project44,"Medium: strong point solutions exist, but cross-party workflows still require heavy manual coordination.",Shipper visibility demands; margin compression in brokerage; customs/security complexity; port and terminal disruption risk.,Email/phone exception management; document handoffs; weak multimodal visibility; billing disputes and delayed status updates.,Medium-High,https://apps.bea.gov/industry/Release/XLS/GDPxInd/GrossOutput.xlsx | https://apps.bea.gov/industry/Release/XLS/GDPxInd/ValueAdded.xlsx | https://www.bea.gov/data/gdp/gdp-industry | https://www.bts.gov/topics/transportation-and-economy | https://data.bts.gov/Research-and-Statistics/Transportation-Economic-Trends-TET-data/tcq5-4pgu,
40,Food and beverage stores,37,360912,241266,-14,$0.36T gross output; $0.24T value added (BEA 2025),Retail and Service Commerce,Planning and Allocation,Merchandising and Assortment Planning,Production and Asset Operations,Inventory and Perishables Management,Customer and Experience Operations,Point-of-Sale and Loyalty Operations,Workforce and Labor Operations,Workforce Scheduling,Finance and Revenue Operations,Margin and Shrink Management,Merchandising and Assortment Planning | Inventory and Perishables Management | Point-of-Sale and Loyalty Operations | Workforce Scheduling | Margin and Shrink Management,Planning and Allocation | Production and Asset Operations | Customer and Experience Operations | Workforce and Labor Operations | Finance and Revenue Operations,POS and Payments | ERP | Supply Chain Planning | Warehouse Management System,Complete,,"Inventory-turn and perishables retail model driven by traffic, basket size, shrink control, fresh supply-chain execution, and labor productivity.",Assortment and replenishment | Fresh/perishables handling | POS and loyalty operations | Labor scheduling | Shrink and margin control,NCR Voyix | Oracle Retail | SAP | Manhattan Associates | Instacart enterprise tools,"Medium-High: store systems are mature, but perishables planning and omnichannel margin visibility remain hard.",Food inflation volatility; labor shortages; e-grocery economics; shrink; private-label competition.,Spoilage/waste; manual fresh ordering; split pickup/delivery/store data; promotion leakage.,Medium-High,https://apps.bea.gov/industry/Release/XLS/GDPxInd/GrossOutput.xlsx | https://apps.bea.gov/industry/Release/XLS/GDPxInd/ValueAdded.xlsx | https://www.bea.gov/data/gdp/gdp-industry | https://www.census.gov/retail/mrts/about_the_surveys.html,
41,"Performing arts, spectator sports, museums, and related activities",83,346556,211483,3.3,$0.35T gross output; $0.21T value added (BEA 2025),"Venue, Hospitality, and Attendance Operations",Planning and Allocation,Programming and Event Planning,"Access, Intake, and Contracting",Ticketing and Pricing,Delivery and Service Execution,Venue and Staff Operations,"Access, Intake, and Contracting",Sponsorship and Donor Management,Finance and Revenue Operations,Event Settlement and Reporting,Programming and Event Planning | Ticketing and Pricing | Venue and Staff Operations | Sponsorship and Donor Management | Event Settlement and Reporting,"Planning and Allocation | Access, Intake, and Contracting | Delivery and Service Execution | Access, Intake, and Contracting | Finance and Revenue Operations",Ticketing and Venue Management | CRM | Event and Donor Management,Complete,,"Attendance, rights, sponsorship, and programming-yield model monetizing tickets, memberships, events, and ancillary spend.",Programming and event planning | Ticketing and pricing | Venue/staff operations | Sponsorship and donor management | Post-event settlement/reporting,Ticketmaster/Live Nation | Tessitura | AudienceView | Salesforce | Eventbrite,"Medium: ticketing is mature, but sponsorship, donor, venue, and operations data are often siloed.",Attendance volatility; sponsorship pressure; content/artist costs; venue utilization risk; digital engagement expectations.,Scattered patron data; manual event operations; weak forecasting by show/event; fragmented sponsor reporting.,Low-Medium,https://apps.bea.gov/industry/Release/XLS/GDPxInd/GrossOutput.xlsx | https://apps.bea.gov/industry/Release/XLS/GDPxInd/ValueAdded.xlsx | https://www.bea.gov/data/gdp/gdp-industry | https://www.census.gov/programs-surveys/aies/about.html | https://www.census.gov/programs-surveys/sas/about.html,
42,Air transportation,41,341492,184966,3.1,$0.34T gross output; $0.18T value added (BEA 2025),Transportation Network Operations,Network and Transportation Operations,Network and Schedule Planning,Network and Transportation Operations,Crew and Fleet Assignment,Planning and Allocation,Revenue Management,Network and Transportation Operations,Operational Recovery and Disruption Management,Finance and Revenue Operations,Loyalty and Settlement Accounting,Network and Schedule Planning | Crew and Fleet Assignment | Revenue Management | Operational Recovery and Disruption Management | Loyalty and Settlement Accounting,Network and Transportation Operations | Network and Transportation Operations | Planning and Allocation | Network and Transportation Operations | Finance and Revenue Operations,Airline Operations and Reservations | Revenue Management Platform | ERP,Complete,,"Network yield-management model monetizing seat miles, cargo capacity, ancillaries, and fleet utilization under tight safety and slot constraints.",Network and schedule planning | Crew/fleet assignment | Revenue management | Ground ops and disruption recovery | Settlement/loyalty accounting,Sabre | Amadeus | Navitaire | Lufthansa Systems | IBM,"Medium-High: reservation and operational systems are mature, but disruption recovery and customer-service integration remain complex.",Fuel and labor costs; ATC/airport constraints; weather disruption; sustainability pressure; loyalty economics.,Irregular-ops recovery complexity; disconnected customer and ops systems; crew/schedule manual overrides; settlement disputes.,High,https://apps.bea.gov/industry/Release/XLS/GDPxInd/GrossOutput.xlsx | https://apps.bea.gov/industry/Release/XLS/GDPxInd/ValueAdded.xlsx | https://www.bea.gov/data/gdp/gdp-industry | https://www.bts.gov/topics/transportation-and-economy | https://data.bts.gov/Research-and-Statistics/Transportation-Economic-Trends-TET-data/tcq5-4pgu,
43,General merchandise stores,38,315464,231201,-27.4,$0.32T gross output; $0.23T value added (BEA 2025),Retail and Service Commerce,Planning and Allocation,Merchandising and Assortment Planning,Planning and Allocation,Inventory Allocation and Replenishment,Delivery and Service Execution,Order Orchestration and Fulfillment,Workforce and Labor Operations,Store Labor Execution,Customer and Experience Operations,Returns and Markdown Management,Merchandising and Assortment Planning | Inventory Allocation and Replenishment | Order Orchestration and Fulfillment | Store Labor Execution | Returns and Markdown Management,Planning and Allocation | Planning and Allocation | Delivery and Service Execution | Workforce and Labor Operations | Customer and Experience Operations,Commerce Platform | ERP | Order Management System | Warehouse Management System | Supply Chain Planning,Complete,,"High-volume omnichannel retail model built on traffic, assortment breadth, inventory flow, and last-mile economics.",Assortment/category planning | Replenishment and DC flow | POS/e-commerce order orchestration | Store labor and shelf execution | Returns and markdown management,Oracle Retail | SAP | Manhattan Associates | Salesforce Commerce Cloud | Blue Yonder,"Medium-High: large players run sophisticated stacks, but omnichannel margin attribution is still difficult.",Marketplace competition; store labor pressure; shrink; fulfillment-cost inflation; assortment complexity.,Inventory discrepancies; markdown timing errors; split order management; weak end-to-end profitability visibility.,Medium-High,https://apps.bea.gov/industry/Release/XLS/GDPxInd/GrossOutput.xlsx | https://apps.bea.gov/industry/Release/XLS/GDPxInd/ValueAdded.xlsx | https://www.bea.gov/data/gdp/gdp-industry | https://www.census.gov/retail/mrts/about_the_surveys.html,
44,Primary metals,16,310936,77714,-12.9,$0.31T gross output; $0.08T value added (BEA 2025),Process Manufacturing and Throughput Control,Sourcing and Supply,Material Sourcing,Production and Asset Operations,Production Planning and Process Control,Production and Asset Operations,Asset Maintenance and Uptime Management,"Risk, Compliance, and Reporting",Quality Inspection and Certification,Delivery and Service Execution,Order Management and Fulfillment,Material Sourcing | Production Planning and Process Control | Asset Maintenance and Uptime Management | Quality Inspection and Certification | Order Management and Fulfillment,"Sourcing and Supply | Production and Asset Operations | Production and Asset Operations | Risk, Compliance, and Reporting | Delivery and Service Execution",ERP | Industrial Automation and SCADA | Maintenance Management | Shop Floor Control and Quality,Complete,,"Process manufacturing converting ore and scrap into metal stock; economics depend on energy intensity, feedstock cost, yield, and downstream demand.",Feedstock sourcing | Melt/cast/roll scheduling | Maintenance and asset uptime | Quality and certification | Order fulfillment,SAP | Oracle | AVEVA | AspenTech | OSIsoft PI,"Medium: heavy industrial systems are mature, but plant-to-enterprise integration is still inconsistent.",Energy prices; tariffs and trade flows; decarbonization pressure; cyclical industrial demand; scrap/raw-material availability.,Siloed process and commercial data; unplanned downtime; manual certification paperwork; weak margin-by-order visibility.,Medium,https://apps.bea.gov/industry/Release/XLS/GDPxInd/GrossOutput.xlsx | https://apps.bea.gov/industry/Release/XLS/GDPxInd/ValueAdded.xlsx | https://www.bea.gov/data/gdp/gdp-industry | https://www.census.gov/topics/business-economy/manufacturing/data/annual-data.html | https://www.eia.gov/energyexplained/use-of-energy/,
45,Plastics and rubber products,33,299217,101395,2.2,$0.30T gross output; $0.10T value added (BEA 2025),Product Manufacturing and Lifecycle Operations,Sourcing and Supply,Material Sourcing,Planning and Allocation,Production Planning,Production and Asset Operations,Tooling and Machine Execution,"Risk, Compliance, and Reporting",Quality and Compliance Management,Delivery and Service Execution,Logistics and Channel Fulfillment,Material Sourcing | Production Planning | Tooling and Machine Execution | Quality and Compliance Management | Logistics and Channel Fulfillment,"Sourcing and Supply | Planning and Allocation | Production and Asset Operations | Risk, Compliance, and Reporting | Delivery and Service Execution",ERP | Manufacturing Execution System | PLM and Engineering Design | Shop Floor Control and Quality,Complete,,"Process and discrete manufacturing of polymer-based materials and parts; economics depend on resin inputs, throughput, tooling, and quality.",Resin/material procurement | Production planning | Tooling and machine execution | Quality/compliance | OEM/customer fulfillment,SAP | Infor | Epicor | Plex | Siemens Opcenter,"Medium: core plant and ERP systems exist, but scheduling, scrap, and quality data are often fragmented.",Resin volatility; sustainability/recycled-content demands; OEM quality scrutiny; labor and tooling constraints.,Scrap/rework opacity; poor mold/tool utilization visibility; manual quality logging; customer-spec change friction.,Medium,https://apps.bea.gov/industry/Release/XLS/GDPxInd/GrossOutput.xlsx | https://apps.bea.gov/industry/Release/XLS/GDPxInd/ValueAdded.xlsx | https://www.bea.gov/data/gdp/gdp-industry | https://www.census.gov/topics/business-economy/manufacturing/data/annual-data.html | https://www.census.gov/programs-surveys/aies/about.html,
46,"Funds, trusts, and other financial vehicles",59,283042,39160,4.9,$0.28T gross output; $0.04T value added (BEA 2025),Capital Markets and Investment Management,"Access, Intake, and Contracting",Fund Onboarding and Setup,Governance and Portfolio Operations,Fund Accounting,Governance and Portfolio Operations,"Valuation, NAV, and Reconciliation",Governance and Portfolio Operations,Investor Reporting,"Risk, Compliance, and Reporting",Compliance and Service-Provider Oversight,"Fund Onboarding and Setup | Fund Accounting | Valuation, NAV, and Reconciliation | Investor Reporting | Compliance and Service-Provider Oversight","Access, Intake, and Contracting | Governance and Portfolio Operations | Governance and Portfolio Operations | Governance and Portfolio Operations | Risk, Compliance, and Reporting",Fund Administration and Accounting | Portfolio and Order Management | Reconciliation and Reporting | Investor Reporting and Performance,Complete,,"Pooled-capital management model monetizing management and performance fees on entrusted assets across funds, trusts, and structured vehicles.",Fund setup/onboarding | Portfolio accounting | Valuation/NAV and reconciliation | Investor reporting | Compliance and service-provider oversight,BlackRock Aladdin | SimCorp | SS&C | Clearwater | State Street Alpha,"High in core accounting/administration, medium in cross-provider transparency and exception management.",Fee pressure; reporting transparency demands; alternative-asset complexity; regulatory scrutiny; service-provider concentration.,Manual reconciliation with custodians/admins; slow NAV exception resolution; fragmented investor and portfolio data.,Medium-High,https://apps.bea.gov/industry/Release/XLS/GDPxInd/GrossOutput.xlsx | https://apps.bea.gov/industry/Release/XLS/GDPxInd/ValueAdded.xlsx | https://www.bea.gov/data/gdp/gdp-industry | https://www.sec.gov/data-research/statistics-data-visualizations/registered-investment-companies-statistics | https://www.sec.gov/data-research/sec-markets-data/information-about-registered-investment-advisers-exempt-reporting-advisers,
47,"Amusements, gambling, and recreation industries",84,264826,144357,-7.6,$0.26T gross output; $0.14T value added (BEA 2025),"Venue, Hospitality, and Attendance Operations",Planning and Allocation,Capacity and Event Planning,Customer and Experience Operations,"Ticketing, POS, and Cage Operations",Workforce and Labor Operations,Workforce Scheduling,"Risk, Compliance, and Reporting",Safety and Compliance Management,Finance and Revenue Operations,Loyalty and Settlement Management,"Capacity and Event Planning | Ticketing, POS, and Cage Operations | Workforce Scheduling | Safety and Compliance Management | Loyalty and Settlement Management","Planning and Allocation | Customer and Experience Operations | Workforce and Labor Operations | Risk, Compliance, and Reporting | Finance and Revenue Operations",Ticketing and Venue Management | POS and Payments | CRM | Revenue Management Platform,Complete,,"Attendance and yield model monetizing admissions, gaming handle, F&B, memberships, and ancillary spend across recreational facilities.",Capacity/event planning | Ticketing or cage/POS operations | Staff scheduling | Safety/compliance | Customer loyalty and settlement,Konami Gaming | Light & Wonder | Oracle MICROS | Salesforce | Accesso,"Medium: venue and gaming systems are mature, but cross-property customer and operations data often stay siloed.",Consumer discretionary swings; labor cost inflation; regulatory oversight; digital competition; utilization risk.,Fragmented guest data; manual event/venue operations; inconsistent yield management; weak cross-channel attribution.,Low-Medium,https://apps.bea.gov/industry/Release/XLS/GDPxInd/GrossOutput.xlsx | https://apps.bea.gov/industry/Release/XLS/GDPxInd/ValueAdded.xlsx | https://www.bea.gov/data/gdp/gdp-industry | https://www.census.gov/programs-surveys/aies/about.html | https://www.census.gov/programs-surveys/sas/about.html,
48,Paper products,29,221046,75191,5.3,$0.22T gross output; $0.08T value added (BEA 2025),Process Manufacturing and Throughput Control,Sourcing and Supply,Material Sourcing,Production and Asset Operations,Production Planning and Process Control,Production and Asset Operations,Asset Maintenance and Uptime Management,Production and Asset Operations,Quality and Converting Management,Delivery and Service Execution,Logistics and Channel Fulfillment,Material Sourcing | Production Planning and Process Control | Asset Maintenance and Uptime Management | Quality and Converting Management | Logistics and Channel Fulfillment,Sourcing and Supply | Production and Asset Operations | Production and Asset Operations | Production and Asset Operations | Delivery and Service Execution,ERP | Industrial Automation and SCADA | Maintenance Management | Supply Chain Planning,Complete,,"Capital-intensive process manufacturing of paper, packaging, and tissue; economics depend on fiber/energy inputs, machine uptime, and product mix.",Fiber sourcing | Mill scheduling and process control | Maintenance and uptime | Quality and converting | Logistics and customer fulfillment,SAP | Oracle | ABB | AVEVA | OSIsoft PI,"Medium: mill systems are mature, but commercial planning and plant data integration remain imperfect.",Energy cost exposure; packaging mix shifts; recycled-fiber supply; sustainability requirements; transportation costs.,Downtime losses; manual grade-change planning; weak plant-to-customer margin visibility; quality-data fragmentation.,Medium,https://apps.bea.gov/industry/Release/XLS/GDPxInd/GrossOutput.xlsx | https://apps.bea.gov/industry/Release/XLS/GDPxInd/ValueAdded.xlsx | https://www.bea.gov/data/gdp/gdp-industry | https://www.census.gov/topics/business-economy/manufacturing/data/annual-data.html | https://www.eia.gov/energyexplained/use-of-energy/,
49,Motion picture and sound recording industries,51,208986,119016,-1.6,$0.21T gross output; $0.12T value added (BEA 2025),"IP, Subscription, and Rights Management","Product, Content, and Engineering",Development and Greenlight Management,Planning and Allocation,Production Scheduling,"Product, Content, and Engineering",Rights and Contract Management,"Product, Content, and Engineering",Distribution and Release Management,Finance and Revenue Operations,Royalty and Participation Accounting,Development and Greenlight Management | Production Scheduling | Rights and Contract Management | Distribution and Release Management | Royalty and Participation Accounting,"Product, Content, and Engineering | Planning and Allocation | Product, Content, and Engineering | Product, Content, and Engineering | Finance and Revenue Operations",Rights and Royalty Management | Production Management | CRM | ERP,Complete,,"Project and rights model monetizing production, licensing, distribution, and catalog IP across film, television, music, and related assets.",Development/greenlight | Production scheduling | Rights and contract management | Distribution/release operations | Royalty and participation accounting,SAP | Movie Magic | Rightsline | Adobe Creative Cloud | Salesforce,"Medium: creative tooling is mature, but rights, production finance, and revenue reporting remain fragmented.",Streaming economics reset; labor/union dynamics; advertising softness; global rights complexity; IP concentration.,Rights metadata fragmentation; manual royalty accounting; poor production-to-finance integration; title-level profitability latency.,Low-Medium,https://apps.bea.gov/industry/Release/XLS/GDPxInd/GrossOutput.xlsx | https://apps.bea.gov/industry/Release/XLS/GDPxInd/ValueAdded.xlsx | https://www.bea.gov/data/gdp/gdp-industry | https://www.census.gov/programs-surveys/aies/about.html | https://www.census.gov/programs-surveys/sas/about.html,
50,"Electrical equipment, appliances, and components",20,202105,82467,-0.1,$0.20T gross output; $0.08T value added (BEA 2025),Product Manufacturing and Lifecycle Operations,"Product, Content, and Engineering",Product Lifecycle and Engineering Management,Sourcing and Supply,Supplier Scheduling and Procurement,Production and Asset Operations,Assembly and Test,"Risk, Compliance, and Reporting",Compliance and Certification Management,Customer and Experience Operations,Channel and Service Support,Product Lifecycle and Engineering Management | Supplier Scheduling and Procurement | Assembly and Test | Compliance and Certification Management | Channel and Service Support,"Product, Content, and Engineering | Sourcing and Supply | Production and Asset Operations | Risk, Compliance, and Reporting | Customer and Experience Operations",ERP | PLM and Engineering Design | Manufacturing Execution System | Shop Floor Control and Quality,Complete,,"Discrete manufacturing of electrical systems and components; economics depend on design cycles, supplier reliability, channel execution, and aftermarket support.",Engineering and product lifecycle management | Supplier scheduling | Assembly/test | Compliance/certification | Channel and service support,SAP | Oracle | Siemens Teamcenter | PTC Windchill | Plex,"Medium: enterprise systems are common, but product, plant, and channel data often remain disconnected.",Electrification demand shifts; component shortages; safety/regulatory requirements; channel inventory swings; tariff exposure.,Engineering change friction; weak channel inventory visibility; certification paperwork; service feedback not tightly looped into design.,Medium,https://apps.bea.gov/industry/Release/XLS/GDPxInd/GrossOutput.xlsx | https://apps.bea.gov/industry/Release/XLS/GDPxInd/ValueAdded.xlsx | https://www.bea.gov/data/gdp/gdp-industry | https://www.census.gov/topics/business-economy/manufacturing/data/annual-data.html | https://www.census.gov/programs-surveys/aies/about.html,
